,magnet,zero30,neg,spike,unreal,leak,step,step_down,step_up
1001589,False,False,False,False,False,False,False,False,False
1009827,False,False,False,False,False,True,False,False,False
1010676,False,True,False,False,False,False,False,False,False
1013205,False,False,False,False,False,True,False,False,False
1017147,True,True,False,False,False,False,False,False,False
1017574,True,False,False,False,False,True,False,False,False
1018690,False,False,False,False,False,False,False,False,False
1023776,False,False,True,False,True,True,False,False,False
1026548,True,False,False,False,False,False,False,False,False
1029380,False,True,False,False,False,False,False,False,False
1031366,False,False,False,False,False,False,False,False,False
1033804,False,True,False,False,False,False,False,False,False
1036686,False,True,False,False,False,False,False,False,False
1038452,False,False,False,False,False,False,False,False,False
1042704,True,False,False,False,False,False,False,False,False
1042752,False,False,False,False,False,False,False,False,False
1045488,False,False,False,False,False,False,False,False,False
1045708,False,True,False,False,False,False,False,False,False
1051888,False,False,False,False,False,True,False,False,False
1052703,False,True,False,True,False,False,False,False,False
1056633,True,True,False,False,False,False,False,False,False
1056800,True,False,False,False,False,False,False,False,False
1057698,False,False,False,False,False,False,False,False,False
1063500,False,True,True,False,False,False,False,False,False
1065404,False,False,False,False,False,True,False,False,False
1068203,False,False,False,False,False,True,False,False,False
1070281,False,False,False,False,False,False,False,False,False
1071511,False,False,False,False,False,False,False,False,False
1071951,False,False,False,False,False,True,False,False,False
1074137,False,True,False,False,False,False,False,False,False
1083353,False,True,False,False,False,False,False,False,False
1083915,False,False,False,False,False,False,False,False,False
1085569,False,False,False,False,False,True,False,False,False
1089425,False,False,False,False,False,True,False,False,False
1091590,False,True,False,False,False,False,False,False,False
1097090,False,False,False,False,False,False,False,False,False
1097632,True,False,False,False,False,False,False,False,False
1105787,False,False,False,False,False,True,False,False,False
1108353,True,False,False,False,False,False,False,False,False
1115097,True,True,False,False,False,False,False,False,False
1118909,False,False,False,False,False,False,False,False,False
1120133,False,False,True,False,False,True,False,False,False
1124179,False,True,False,False,False,False,False,False,False
1126259,True,False,False,False,False,False,False,False,False
1130809,False,False,False,False,False,True,False,False,False
1132016,False,False,False,False,False,False,False,False,False
1133197,False,True,False,False,False,False,False,False,False
1133816,False,True,False,False,False,False,False,False,False
1138613,False,False,False,False,False,False,False,False,False
1138644,False,False,False,False,False,False,False,False,False
1141551,False,False,False,False,False,True,False,False,False
1143066,False,False,False,False,False,False,False,False,False
1146062,True,False,False,False,False,False,False,False,False
1152019,False,False,False,False,False,False,False,False,False
1155063,False,True,False,False,False,False,False,False,False
1156864,True,False,False,False,False,False,False,False,False
1159791,True,True,False,False,False,False,False,False,False
1160272,False,False,False,False,False,False,False,False,False
1160330,False,False,False,False,False,True,False,False,False
1162061,False,False,False,False,False,False,False,False,False
1162696,False,False,False,False,False,False,False,False,False
1164495,False,False,False,False,False,False,False,False,False
1167400,False,True,False,False,False,False,False,False,False
1167943,False,False,False,False,False,True,False,False,False
1169137,False,True,False,False,False,False,False,False,False
1171145,False,False,False,True,False,False,False,False,False
1182346,False,False,False,False,False,False,False,False,False
1184456,False,False,False,False,False,False,False,False,False
1184793,False,True,True,False,True,True,False,False,False
1191262,False,True,False,False,False,False,False,False,False
1191362,False,False,False,False,False,False,False,False,False
1192597,False,False,False,False,False,False,False,False,False
1200600,False,False,False,False,False,True,False,False,False
1200874,False,False,False,False,False,False,False,False,False
1201162,True,True,False,False,False,False,False,False,False
1201898,False,True,False,False,False,False,False,False,False
1203613,False,False,False,False,False,True,False,False,False
1208037,False,False,False,False,False,True,False,False,False
1209022,False,True,False,False,False,False,False,False,False
1209988,True,False,False,False,False,False,False,False,False
1213227,False,False,False,False,False,False,False,False,False
1214962,False,False,False,False,False,False,False,False,False
1215340,False,True,False,False,False,False,False,False,False
1216862,True,False,False,False,False,False,False,False,False
1222593,False,False,False,False,False,True,False,False,False
1223313,False,True,False,False,False,False,False,False,False
1224210,False,False,False,False,False,False,False,False,False
1226579,False,True,False,False,False,False,False,False,False
1231967,False,False,False,False,False,False,False,False,False
1235209,True,False,False,False,False,False,False,False,False
1236161,False,False,False,False,False,False,False,False,False
1237892,True,False,False,False,False,False,False,False,False
1246459,False,False,False,False,False,False,False,False,False
1246655,False,True,False,False,False,False,False,False,False
1249509,True,True,False,False,False,True,False,False,False
1249540,True,False,False,False,False,False,False,False,False
1254984,False,False,False,False,False,False,False,False,False
1256752,True,False,False,False,False,True,False,False,False
1260857,False,False,False,False,False,True,False,False,False
1261649,False,False,False,False,False,False,False,False,False
1263288,False,True,False,False,False,False,False,False,False
1268324,False,True,False,False,False,False,False,False,False
1268872,True,False,False,False,False,True,False,False,False
1272777,False,False,False,False,False,False,False,False,False
1274228,False,False,False,False,False,False,False,False,False
1278937,False,False,False,True,False,False,False,False,False
1279011,False,True,False,False,False,False,False,False,False
1279709,False,True,False,False,False,False,False,False,False
1281036,False,True,False,False,False,False,False,False,False
1282534,True,False,False,False,False,False,False,False,False
1284794,False,False,False,False,False,False,False,False,False
1288701,False,True,False,False,False,False,False,False,False
1289050,False,True,False,False,False,False,False,False,False
1290042,False,True,False,False,False,False,False,False,False
1292471,True,True,False,False,False,False,False,False,False
1297392,True,False,False,False,False,True,False,False,False
1297937,False,True,False,True,False,False,False,False,False
1297946,False,True,False,False,False,False,False,False,False
1299557,False,False,False,False,False,False,False,False,False
1300658,False,False,False,False,False,False,False,False,False
1303647,False,False,False,False,False,True,False,False,False
1310438,False,True,False,False,False,False,False,False,False
1310863,False,True,False,False,False,False,False,False,False
1313506,False,True,False,False,False,False,False,False,False
1314069,False,True,False,False,False,False,False,False,False
1318859,False,False,False,False,False,False,False,False,False
1319016,True,True,False,False,False,False,False,False,False
1320679,False,False,False,True,False,False,False,False,False
1321192,False,False,False,False,False,False,False,False,False
1322829,False,True,False,False,False,False,False,False,False
1325265,False,False,False,False,False,True,False,False,False
1325464,True,False,False,False,False,False,False,False,False
1326812,False,False,False,False,False,False,False,False,False
1328297,False,True,False,False,False,False,False,False,False
1331339,False,False,False,False,False,False,False,False,False
1335125,False,True,False,False,False,False,False,False,False
1337262,False,True,False,False,False,False,False,False,False
1338154,False,False,False,False,False,False,False,False,False
1338225,False,False,False,False,False,False,False,False,False
1339565,True,True,False,False,False,False,False,False,False
1341246,False,False,False,False,False,True,False,False,False
1348727,False,False,False,False,False,False,False,False,False
1348811,False,True,False,False,False,False,False,False,False
1354811,False,True,False,False,False,False,False,False,False
1357380,False,False,False,False,False,False,False,False,False
1359753,False,False,False,True,False,False,False,False,False
1360538,False,True,False,False,False,False,False,False,False
1364262,False,True,False,False,False,False,False,False,False
1369227,False,False,False,False,False,True,False,False,False
1372570,False,True,False,False,False,False,False,False,False
1374906,False,False,False,False,False,False,False,False,False
1376482,True,True,False,False,False,False,False,False,False
1376731,False,True,False,False,False,False,False,False,False
1376811,False,False,False,False,False,False,False,False,False
1380617,False,False,False,False,False,False,False,False,False
1380978,False,False,False,True,False,False,False,False,False
1390034,False,True,False,False,False,False,False,False,False
1391598,False,False,False,False,False,False,False,False,False
1391809,False,False,False,True,False,True,False,False,False
1392594,False,False,False,False,False,False,False,False,False
1396859,False,True,False,False,False,False,False,False,False
1401643,False,False,False,True,False,True,False,False,False
1407662,False,True,False,False,False,False,False,False,False
1415475,False,False,False,False,False,False,False,False,False
1415713,True,True,False,False,False,False,False,False,False
1420105,False,False,False,False,False,True,False,False,False
1420914,False,False,False,False,False,False,False,False,False
1422496,False,True,False,False,False,False,False,False,False
1423304,False,False,True,True,True,False,False,False,False
1425234,False,False,False,False,False,False,False,False,False
1425344,True,True,False,False,False,False,False,False,False
1428608,False,True,False,False,False,False,False,False,False
1432068,False,True,False,False,False,False,False,False,False
1433929,False,False,False,False,False,True,False,False,False
1439092,False,True,False,False,False,False,False,False,False
1439640,False,True,False,False,False,False,False,False,False
1439721,True,False,False,False,False,False,False,False,False
1440515,True,False,False,False,False,False,False,False,False
1441719,True,True,False,False,False,False,False,False,False
1442731,False,True,False,False,False,False,False,False,False
1444221,False,True,False,False,False,False,False,False,False
1446491,True,False,False,False,False,False,False,False,False
1450471,False,False,False,False,False,False,False,False,False
1452897,False,True,False,False,False,False,False,False,False
1454363,False,True,False,False,False,False,False,False,False
1457212,False,False,False,False,False,False,False,False,False
1457258,False,True,False,False,False,False,False,False,False
1460239,False,False,False,False,False,False,False,False,False
1460940,False,True,False,False,False,False,False,False,False
1463873,False,False,False,False,False,False,False,False,False
1466132,False,True,False,False,False,False,False,False,False
1467418,False,True,False,False,False,False,False,False,False
1470903,False,True,False,False,False,False,False,False,False
1480541,False,False,False,False,False,False,False,False,False
1480551,False,False,False,False,False,False,False,False,False
1483685,False,False,False,False,False,False,False,False,False
1492831,False,False,True,False,True,True,False,False,False
1496904,False,False,False,False,False,True,False,False,False
1500982,True,True,False,False,False,False,False,False,False
1501314,False,True,False,False,False,False,False,False,False
1504233,False,True,False,False,False,False,False,False,False
1509231,True,False,False,False,False,False,False,False,False
1510387,False,False,False,False,False,False,False,False,False
1512557,False,False,False,False,False,True,False,False,False
1513317,False,True,False,False,False,False,False,False,False
1521629,False,True,False,False,False,False,False,False,False
1524240,False,True,False,False,False,False,False,False,False
1527149,True,False,False,False,False,False,False,False,False
1529069,False,False,False,False,False,False,False,False,False
1529371,False,True,False,False,False,False,False,False,False
1531544,False,False,False,False,False,False,False,False,False
1539336,False,True,False,False,False,False,False,False,False
1547698,True,True,False,False,False,False,False,False,False
1551929,False,True,False,False,False,False,False,False,False
1556880,False,False,False,False,False,False,False,False,False
1557433,False,True,False,False,False,True,False,False,False
1557691,False,False,False,False,False,False,False,False,False
1562638,False,True,False,False,False,False,False,False,False
1566678,False,True,False,False,False,False,False,False,False
1572228,False,False,False,False,False,False,False,False,False
1578912,True,False,False,False,False,False,False,False,False
1580367,False,False,False,False,False,False,False,False,False
1581018,True,False,False,True,False,False,True,False,True
1582134,False,True,False,False,False,False,False,False,False
1586282,False,True,False,False,False,False,False,False,False
1591483,True,True,False,False,False,False,False,False,False
1595429,False,False,False,False,False,False,False,False,False
1598183,True,False,False,False,False,False,False,False,False
1599801,False,False,False,False,False,True,False,False,False
1606847,False,False,False,False,False,True,False,False,False
1609520,False,False,False,False,False,False,False,False,False
1609783,False,False,False,False,False,False,False,False,False
1614043,False,False,False,False,False,False,False,False,False
1614327,False,False,False,False,False,False,False,False,False
1615525,False,False,False,False,False,False,False,False,False
1623970,False,False,False,False,False,False,False,False,False
1626490,True,False,False,False,False,False,False,False,False
1627805,False,False,False,False,False,False,False,False,False
1635103,False,False,False,False,False,True,False,False,False
1635801,False,False,False,False,False,False,False,False,False
1637769,False,False,False,False,False,False,False,False,False
1639300,False,True,False,False,False,False,False,False,False
1648762,False,True,False,False,False,False,False,False,False
1648954,True,False,False,False,False,True,False,False,False
1649046,False,True,False,False,False,False,False,False,False
1652618,False,False,False,False,False,True,False,False,False
1653650,True,False,False,False,False,True,False,False,False
1654117,False,False,False,False,False,True,False,False,False
1658732,False,True,False,False,False,False,False,False,False
1659101,False,False,False,False,False,False,False,False,False
1659383,False,True,False,False,False,False,False,False,False
1663018,False,True,False,False,False,False,False,False,False
1664296,False,False,False,False,False,True,False,False,False
1667117,False,True,False,False,False,False,False,False,False
1675645,True,False,False,False,False,False,False,False,False
1680989,False,False,False,False,False,False,False,False,False
1684051,False,False,False,False,False,False,False,False,False
1693842,False,True,False,False,False,False,False,False,False
1693909,False,True,False,False,False,False,False,False,False
1698800,False,False,True,False,True,True,False,False,False
1706397,False,False,False,False,False,False,False,False,False
1707796,True,True,False,False,False,False,False,False,False
1709733,False,True,False,False,False,False,False,False,False
1710212,False,True,False,False,False,False,False,False,False
1711857,False,False,False,False,False,False,False,False,False
1715072,False,True,False,False,False,False,False,False,False
1716312,False,True,False,False,False,False,False,False,False
1722080,False,False,False,False,False,False,False,False,False
1729895,False,False,False,False,False,False,False,False,False
1736119,True,True,False,False,False,False,False,False,False
1737103,False,False,False,False,False,False,False,False,False
1738982,False,True,False,False,False,False,False,False,False
1741955,True,False,False,False,False,False,False,False,False
1748365,False,False,False,False,False,False,False,False,False
1748710,False,False,False,False,False,False,False,False,False
1750418,False,False,False,False,False,True,False,False,False
1750839,False,True,False,False,False,False,False,False,False
1751576,False,True,False,False,False,False,False,False,False
1752404,False,True,False,False,False,False,False,False,False
1752882,True,False,False,False,False,True,False,False,False
1755769,False,False,False,False,False,False,False,False,False
1761866,True,True,False,False,False,False,False,False,False
1762548,False,False,False,False,False,False,False,False,False
1766221,True,True,False,False,False,False,False,False,False
1766415,False,False,False,False,False,False,False,False,False
1769196,False,True,False,False,False,False,False,False,False
1769259,True,False,False,False,False,False,False,False,False
1769552,True,False,False,False,False,False,False,False,False
1770522,False,False,False,False,False,True,False,False,False
1773366,False,False,False,True,False,False,False,False,False
1781014,True,False,False,False,False,False,False,False,False
1782660,False,False,False,False,False,False,False,False,False
1790180,False,False,False,False,False,False,False,False,False
1791315,True,False,False,False,False,False,False,False,False
1793798,True,False,False,False,False,False,False,False,False
1794929,True,False,False,False,False,False,False,False,False
1803331,False,False,False,False,False,False,False,False,False
1806248,False,True,False,False,False,False,False,False,False
1816738,False,True,False,False,False,False,False,False,False
1817743,False,False,False,False,False,False,False,False,False
1831404,False,False,False,False,False,False,False,False,False
1831470,False,True,False,False,False,False,False,False,False
1832904,False,False,False,False,False,False,False,False,False
1835380,False,False,True,False,False,False,False,False,False
1838227,False,False,False,False,False,False,True,True,False
1838515,True,False,False,False,False,False,False,False,False
1845897,False,False,False,False,False,False,False,False,False
1846570,False,True,False,False,False,False,False,False,False
1847627,False,False,False,True,False,False,False,False,False
1848568,False,False,False,False,False,False,False,False,False
1851576,False,False,False,False,False,False,False,False,False
1853186,True,False,False,False,False,False,False,False,False
1863531,False,False,False,False,False,False,False,False,False
1864174,False,False,False,False,False,True,False,False,False
1869516,True,False,False,False,False,False,False,False,False
1871084,False,False,False,False,False,True,False,False,False
1871826,False,False,False,False,False,False,False,False,False
1880404,True,False,False,False,False,False,False,False,False
1884009,False,False,False,False,False,False,False,False,False
1887435,False,False,False,False,False,False,False,False,False
1888107,False,False,False,False,False,True,False,False,False
1895151,False,False,False,False,False,True,False,False,False
1895576,True,False,False,False,False,False,False,False,False
1896461,True,True,False,False,False,False,False,False,False
1900867,False,False,False,False,False,False,False,False,False
1901601,True,False,False,False,False,False,False,False,False
1905027,False,False,False,False,False,False,False,False,False
1906127,True,False,False,False,False,False,False,False,False
1907070,False,False,False,False,False,False,False,False,False
1907417,False,True,False,False,False,False,False,False,False
1908775,False,True,False,False,False,False,False,False,False
1909301,True,False,False,True,False,False,False,False,False
1918126,True,False,False,False,False,False,False,False,False
1918245,True,False,False,False,False,False,False,False,False
1921843,False,True,False,False,False,False,False,False,False
1922936,False,False,False,False,False,False,False,False,False
1925279,True,False,False,False,False,True,False,False,False
1925374,False,True,False,False,False,False,False,False,False
1925951,False,True,False,False,False,False,False,False,False
1929715,False,False,False,False,False,False,False,False,False
1934676,True,False,False,False,False,True,False,False,False
1937978,False,True,False,False,False,False,False,False,False
1942236,False,False,False,False,False,True,False,False,False
1942540,False,False,False,False,False,False,False,False,False
1944961,False,False,False,False,False,True,False,False,False
1945042,False,False,False,False,False,False,False,False,False
1947618,False,True,False,False,False,False,False,False,False
1952692,False,True,False,False,False,False,False,False,False
1954210,False,True,False,False,False,False,False,False,False
1955747,False,True,False,False,False,False,False,False,False
1968630,False,False,False,False,False,True,False,False,False
1968874,False,False,False,False,False,False,False,False,False
1975122,True,False,False,False,False,True,False,False,False
1977386,False,True,False,False,False,False,False,False,False
1982516,False,False,False,False,False,True,False,False,False
1987230,True,False,False,True,False,False,False,False,False
1988583,False,False,False,False,False,False,False,False,False
1989891,True,True,False,False,False,False,False,False,False
1994113,False,True,False,False,False,False,False,False,False
1998748,True,False,False,False,False,False,False,False,False
2005318,False,False,False,False,False,False,False,False,False
2010080,False,True,False,False,False,False,False,False,False
2014988,False,False,False,False,False,True,False,False,False
2016023,False,False,False,False,False,False,False,False,False
2022274,True,False,False,False,False,False,False,False,False
2022801,True,False,False,False,False,True,False,False,False
2030325,False,False,True,True,True,True,False,False,False
2032269,True,False,False,False,False,False,False,False,False
2036206,False,False,False,False,False,False,False,False,False
2037406,True,False,False,False,False,False,False,False,False
2044112,True,True,False,False,False,False,False,False,False
2045316,False,False,False,False,False,False,False,False,False
2051196,False,False,False,False,False,False,False,False,False
2051883,False,True,False,False,False,False,False,False,False
2055455,False,True,False,False,False,False,False,False,False
2057545,False,False,False,False,False,True,False,False,False
2062119,False,True,False,False,False,False,False,False,False
2062847,True,False,False,False,False,False,False,False,False
2066714,False,False,False,False,False,False,False,False,False
2066920,False,False,False,False,False,False,False,False,False
2072982,False,True,False,False,False,False,False,False,False
2073952,False,False,False,False,False,True,False,False,False
2077976,True,False,False,False,False,False,False,False,False
2081796,False,True,False,False,False,False,False,False,False
2090291,False,True,False,False,False,False,False,False,False
2090537,False,False,False,False,False,False,False,False,False
2094607,True,False,False,True,False,True,False,False,False
2095402,False,True,False,False,False,False,False,False,False
2098906,False,False,False,False,False,False,False,False,False
2101879,True,False,False,False,False,False,False,False,False
2105982,False,False,False,False,False,False,False,False,False
2106185,False,False,False,True,False,True,False,False,False
2106907,False,False,False,False,False,True,False,False,False
2108444,False,True,False,False,False,False,False,False,False
2114701,False,True,False,False,False,False,False,False,False
2121495,False,True,False,False,False,False,False,False,False
2121889,True,False,False,False,False,False,False,False,False
2122396,False,False,False,False,False,False,False,False,False
2123408,False,False,False,False,False,False,False,False,False
2123950,False,False,False,False,False,False,False,False,False
2126094,False,False,False,False,False,True,False,False,False
2126145,False,False,False,False,False,False,False,False,False
2127854,False,True,False,False,False,False,False,False,False
2129185,True,True,False,False,False,False,False,False,False
2130747,False,False,False,False,False,True,False,False,False
2131126,False,False,False,False,False,True,False,False,False
2131184,True,True,False,False,False,False,False,False,False
2140279,False,True,False,False,False,False,False,False,False
2141883,False,True,False,False,False,False,False,False,False
2145467,False,True,False,False,False,False,False,False,False
2148838,False,False,False,True,False,False,False,False,False
2149607,False,False,False,False,False,False,False,False,False
2151506,False,True,False,False,False,False,False,False,False
2158804,True,False,False,False,False,True,False,False,False
2158929,False,False,False,True,False,False,False,False,False
2159987,False,False,True,False,True,True,False,False,False
2161582,True,False,True,False,False,False,False,False,False
2164205,False,False,False,False,False,False,False,False,False
2164340,False,True,False,False,False,False,False,False,False
2164895,False,False,False,False,False,False,False,False,False
2166461,False,False,False,False,False,True,False,False,False
2167255,False,False,False,False,False,True,False,False,False
2169603,True,False,False,True,False,True,False,False,False
2177021,True,False,False,False,False,True,False,False,False
2184527,False,False,False,False,False,False,False,False,False
2188349,False,False,False,False,False,True,False,False,False
2194061,False,False,False,False,False,False,False,False,False
2194259,False,False,False,False,False,False,False,False,False
2197125,True,False,False,False,False,False,False,False,False
2199847,False,False,False,True,False,False,False,False,False
2200015,False,False,False,False,False,False,False,False,False
2202906,True,False,False,False,False,False,False,False,False
2204880,False,True,False,False,False,False,False,False,False
2206881,False,True,False,False,False,False,False,False,False
2207672,False,True,False,False,False,False,False,False,False
2208498,False,False,False,False,False,False,False,False,False
2210528,False,False,False,False,False,False,False,False,False
2222497,True,False,False,False,False,False,False,False,False
2223581,False,False,False,False,False,True,False,False,False
2224075,True,False,False,False,False,True,False,False,False
2229586,True,False,False,False,False,False,False,False,False
2229718,True,False,False,False,False,True,False,False,False
2230600,False,True,False,False,False,False,False,False,False
2230654,False,True,False,False,False,False,False,False,False
2233026,False,True,False,False,False,False,False,False,False
2236901,False,False,False,False,False,False,False,False,False
2240307,False,False,False,False,False,False,False,False,False
2240590,False,True,False,False,False,False,False,False,False
2246736,False,False,False,False,False,False,False,False,False
2250865,False,True,False,False,False,False,False,False,False
2254949,False,False,False,False,False,False,False,False,False
2255232,False,False,False,False,False,False,False,False,False
2255349,False,True,False,False,False,False,False,False,False
2256889,False,False,False,False,False,False,False,False,False
2260200,False,False,False,False,False,True,False,False,False
2262164,False,True,False,False,False,False,False,False,False
2263219,False,False,False,False,False,False,False,False,False
2269762,False,False,False,False,False,False,False,False,False
2274421,False,True,False,False,False,False,False,False,False
2275400,True,False,False,False,False,False,False,False,False
2275982,False,True,False,False,False,False,False,False,False
2278580,False,False,False,False,False,False,False,False,False
2297679,True,True,False,False,False,False,False,False,False
2301198,True,False,False,False,False,False,False,False,False
2306353,True,True,False,False,False,False,False,False,False
2307075,False,True,False,False,False,False,False,False,False
2309190,True,False,False,False,False,False,False,False,False
2313530,False,False,False,False,False,False,False,False,False
2325092,False,False,False,False,False,False,False,False,False
2327711,False,True,False,False,False,False,False,False,False
2331473,False,False,False,False,False,True,False,False,False
2331858,True,False,False,False,False,False,False,False,False
2333289,False,False,False,False,False,False,False,False,False
2333339,False,True,False,False,False,False,False,False,False
2333473,True,True,False,False,False,False,False,False,False
2343268,False,True,False,False,False,False,False,False,False
2350812,False,False,False,False,False,False,False,False,False
2351232,False,True,True,False,True,True,False,False,False
2351624,False,False,False,False,False,False,False,False,False
2351697,True,True,False,False,False,False,False,False,False
2354093,False,True,False,False,False,False,False,False,False
2356509,False,False,False,False,False,True,False,False,False
2358442,False,True,False,False,False,False,False,False,False
2358866,False,False,False,True,False,True,False,False,False
2367266,False,False,False,False,False,False,False,False,False
2368381,False,False,False,False,False,True,False,False,False
2369469,True,False,False,False,False,True,False,False,False
2372680,False,False,False,False,False,False,False,False,False
2374960,False,False,False,False,False,False,False,False,False
2376453,True,False,False,False,False,False,False,False,False
2378582,False,False,False,False,False,False,False,False,False
2382071,False,False,False,False,False,True,False,False,False
2382929,False,False,False,False,False,False,False,False,False
2383758,True,False,False,True,False,False,True,True,False
2388450,False,False,False,False,False,True,False,False,False
2393165,True,False,False,False,False,False,False,False,False
2394911,False,False,False,False,False,False,False,False,False
2397915,True,False,False,False,False,False,False,False,False
2403031,True,False,False,False,False,False,False,False,False
2409777,False,False,True,False,True,False,False,False,False
2416919,False,False,False,False,False,True,False,False,False
2419106,False,True,False,False,False,False,False,False,False
2425254,True,False,False,False,False,False,False,False,False
2440580,False,False,False,False,False,True,False,False,False
2441050,True,False,False,False,False,False,False,False,False
2441452,True,False,False,False,False,False,False,False,False
2444500,False,False,False,False,False,False,False,False,False
2445255,False,True,False,False,False,False,False,False,False
2449940,False,False,False,False,False,False,False,False,False
2450482,False,False,False,False,False,True,False,False,False
2451671,False,True,False,False,False,False,False,False,False
2459634,True,False,False,False,False,False,False,False,False
2459876,False,False,False,False,False,False,False,False,False
2462031,True,False,False,False,False,True,False,False,False
2462188,True,True,False,False,False,False,False,False,False
2465534,True,True,False,False,False,False,False,False,False
2465751,False,True,False,False,False,False,False,False,False
2468181,False,True,False,False,False,False,False,False,False
2468722,True,True,False,False,False,False,False,False,False
2473076,False,True,False,False,False,False,False,False,False
2476400,False,True,False,False,False,False,False,False,False
2489611,False,False,False,False,False,False,False,False,False
2489985,True,False,False,False,False,False,False,False,False
2491162,False,True,True,False,True,True,False,False,False
2493308,False,False,False,False,False,True,False,False,False
2499328,False,True,False,False,False,False,False,False,False
2504720,False,True,False,False,False,False,False,False,False
2506505,True,False,False,False,False,False,False,False,False
2512096,False,True,False,False,False,True,False,False,False
2519659,False,False,True,False,True,False,False,False,False
2521806,False,False,False,False,False,False,False,False,False
2527623,True,True,False,False,False,False,False,False,False
2528795,True,False,False,False,False,False,False,False,False
2533305,False,False,False,False,False,False,False,False,False
2534711,False,False,False,False,False,False,False,False,False
2537803,False,False,False,False,False,True,False,False,False
2539133,False,False,False,False,False,False,False,False,False
2544764,False,False,False,False,False,False,False,False,False
2549972,False,True,False,False,False,False,False,False,False
2552914,False,False,False,False,False,False,False,False,False
2554826,False,True,False,False,False,True,False,False,False
2560046,False,True,False,False,False,False,False,False,False
2564241,False,True,False,False,False,False,False,False,False
2565590,False,True,False,False,False,False,False,False,False
2567791,False,False,False,False,False,True,False,False,False
2569627,False,False,True,False,True,False,False,False,False
2569759,False,False,False,False,False,True,False,False,False
2575748,False,True,False,False,False,False,False,False,False
2576401,True,False,False,False,False,False,False,False,False
2576868,False,False,False,False,False,False,False,False,False
2577636,False,True,False,False,False,False,False,False,False
2579410,False,False,False,False,False,False,False,False,False
2582169,False,True,False,False,False,False,False,False,False
2588813,False,False,False,False,False,False,False,False,False
2588994,False,False,False,False,False,True,False,False,False
2589310,False,False,False,True,False,False,False,False,False
2591881,False,False,False,False,False,True,False,False,False
2592900,True,False,False,False,False,False,False,False,False
2593071,False,True,False,False,False,False,False,False,False
2597187,False,True,False,False,False,False,False,False,False
2597486,False,False,False,True,False,False,False,False,False
2600736,False,True,False,False,False,False,False,False,False
2604129,False,False,False,False,False,True,False,False,False
2608210,False,False,False,False,False,False,False,False,False
2612239,False,False,False,False,False,False,False,False,False
2617670,True,True,False,False,False,False,False,False,False
2619485,True,True,False,False,False,False,False,False,False
2622095,False,True,False,False,False,False,False,False,False
2623532,False,True,False,False,False,False,False,False,False
2625158,True,True,False,False,False,False,False,False,False
2626896,False,True,False,False,False,False,False,False,False
2628399,False,False,False,False,False,True,False,False,False
2632113,True,False,False,False,False,False,False,False,False
2633697,False,False,False,False,False,True,False,False,False
2636603,True,False,False,False,False,True,False,False,False
2638581,False,True,False,False,False,False,False,False,False
2639003,False,True,False,False,False,False,False,False,False
2639147,False,False,False,False,False,False,False,False,False
2641495,False,False,False,False,False,False,False,False,False
2643416,False,True,False,False,False,False,False,False,False
2647530,False,False,True,False,True,True,False,False,False
2651803,False,False,False,False,False,False,False,False,False
2651835,False,False,False,False,False,False,False,False,False
2655929,False,False,False,True,False,False,False,False,False
2657774,True,False,False,True,False,False,False,False,False
2659833,True,True,False,False,False,False,False,False,False
2660867,True,False,False,False,False,False,False,False,False
2660890,False,False,False,False,False,False,False,False,False
2661788,False,False,False,False,False,True,False,False,False
2662859,False,True,False,False,False,False,False,False,False
2665800,False,False,True,False,True,False,False,False,False
2666699,True,False,False,False,False,False,False,False,False
2666792,False,False,False,False,False,False,False,False,False
2668212,False,False,False,False,False,True,False,False,False
2671594,False,False,False,False,False,False,False,False,False
2674750,False,False,False,False,False,False,False,False,False
2675304,True,False,False,False,False,True,False,False,False
2680298,False,False,False,False,False,True,False,False,False
2681449,False,False,False,False,False,False,False,False,False
2681522,False,True,False,False,False,False,False,False,False
2693608,False,False,False,False,False,False,False,False,False
2696002,False,True,False,False,False,False,False,False,False
2698953,False,True,False,False,False,False,False,False,False
2704749,False,False,False,False,False,False,True,False,True
2707472,False,True,False,False,False,False,False,False,False
2709217,False,True,True,False,False,False,False,False,False
2710925,False,False,False,False,False,False,False,False,False
2726137,False,True,False,False,False,False,False,False,False
2726923,False,True,False,False,False,False,False,False,False
2728047,False,False,False,False,False,False,False,False,False
2728517,False,False,False,False,False,False,False,False,False
2729604,False,False,False,False,False,True,False,False,False
2735490,True,False,True,False,False,False,False,False,False
2737371,False,True,False,False,False,False,False,False,False
2738536,False,False,False,False,False,False,False,False,False
2745000,False,False,False,False,False,True,False,False,False
2747160,False,True,False,False,False,False,False,False,False
2750439,True,False,False,False,False,False,False,False,False
2761224,False,True,False,False,False,False,False,False,False
2769654,False,True,False,False,False,False,False,False,False
2771736,False,False,False,False,False,True,False,False,False
2781589,False,True,False,False,False,False,False,False,False
2782371,False,False,False,False,False,False,False,False,False
2784531,False,True,False,False,False,False,False,False,False
2789352,False,False,False,False,False,True,True,False,True
2789723,True,False,False,False,False,True,False,False,False
2793118,False,False,False,False,False,False,False,False,False
2794536,False,True,False,False,False,False,False,False,False
2796252,False,True,False,False,False,False,False,False,False
2802442,False,False,False,False,False,False,False,False,False
2803951,True,False,False,False,False,False,False,False,False
2807153,False,False,False,False,False,False,False,False,False
2810025,False,False,False,False,False,False,False,False,False
2818086,False,False,False,False,False,False,False,False,False
2821835,False,False,False,False,False,False,False,False,False
2827374,False,False,False,False,False,False,False,False,False
2828621,False,True,False,False,False,False,False,False,False
2832359,False,False,False,False,False,False,False,False,False
2834311,True,True,False,False,False,False,False,False,False
2836762,False,False,False,False,False,False,False,False,False
2836989,False,False,False,False,False,True,False,False,False
2839162,True,False,False,False,False,False,False,False,False
2846910,False,True,False,False,False,False,False,False,False
2852160,False,True,False,False,False,False,False,False,False
2853700,False,True,False,False,False,False,False,False,False
2858379,False,True,False,False,False,False,False,False,False
2859628,False,False,True,False,True,False,False,False,False
2861772,False,True,False,False,False,False,False,False,False
2863623,True,True,False,False,False,False,False,False,False
2876446,False,True,False,False,False,False,False,False,False
2879682,False,True,False,False,False,False,False,False,False
2881231,True,True,False,False,False,False,False,False,False
2881569,False,False,False,False,False,False,False,False,False
2881660,False,True,False,False,False,False,False,False,False
2883740,False,True,False,False,False,False,False,False,False
2888135,False,False,False,False,False,True,False,False,False
2889252,True,True,False,False,False,False,False,False,False
2892601,False,False,False,False,False,False,False,False,False
2895863,False,True,False,False,False,False,False,False,False
2896297,False,True,False,False,False,False,False,False,False
2901449,False,False,False,False,False,False,False,False,False
2904146,False,True,False,False,False,False,False,False,False
2908126,True,False,False,False,False,False,False,False,False
2909885,False,True,False,False,False,False,False,False,False
2915234,False,False,False,False,False,False,False,False,False
2915837,True,False,False,False,False,False,False,False,False
2916261,False,True,False,False,False,False,False,False,False
2916763,False,False,False,False,False,True,False,False,False
2917314,False,True,False,False,False,False,False,False,False
2919132,False,True,False,False,False,False,False,False,False
2919872,False,False,False,False,False,False,True,True,False
2924723,False,True,False,False,False,False,False,False,False
2927685,False,False,False,False,False,False,False,False,False
2927760,False,False,False,False,False,False,False,False,False
2927877,True,False,False,False,False,False,False,False,False
2928808,False,False,False,False,False,True,False,False,False
2931056,False,False,False,False,False,True,False,False,False
2935735,False,False,False,False,False,False,False,False,False
2936907,False,False,False,False,False,True,False,False,False
2938032,False,False,False,False,False,False,False,False,False
2938263,False,False,False,False,False,False,False,False,False
2939299,True,False,False,False,False,False,False,False,False
2942003,False,False,False,False,False,False,False,False,False
2945102,True,True,False,False,False,False,False,False,False
2945305,True,False,False,False,False,False,False,False,False
2947060,False,True,False,False,False,False,False,False,False
2947672,False,True,False,False,False,False,False,False,False
2957964,False,False,False,False,False,False,False,False,False
2961753,False,False,False,False,False,False,False,False,False
2962679,False,False,False,True,False,False,False,False,False
2967750,False,True,False,False,False,False,False,False,False
2968896,False,False,False,False,False,False,False,False,False
2976229,True,False,False,False,False,False,False,False,False
2976460,False,False,False,False,False,False,False,False,False
2977016,False,True,False,False,False,False,False,False,False
2979722,False,False,False,False,False,True,False,False,False
2981992,False,False,False,False,False,False,False,False,False
2983464,False,False,True,False,True,True,False,False,False
2988291,True,False,False,False,False,False,False,False,False
2989254,False,True,False,False,False,False,False,False,False
2990242,False,True,False,False,False,False,False,False,False
2992596,True,False,False,False,False,False,False,False,False
2994514,False,True,False,False,False,True,False,False,False
2998185,False,False,False,False,False,False,False,False,False
3002757,False,True,False,False,False,False,False,False,False
3005343,False,False,False,False,False,False,False,False,False
3007647,False,False,False,False,False,True,False,False,False
3008210,False,True,False,False,False,False,False,False,False
3009582,False,False,False,False,False,False,False,False,False
3010258,True,False,False,False,False,False,False,False,False
3013075,False,True,False,False,False,False,False,False,False
3014521,True,True,False,False,False,False,False,False,False
3014556,False,True,False,False,False,False,False,False,False
3015954,False,True,False,False,False,False,False,False,False
3017100,False,False,False,False,False,True,False,False,False
3018911,False,True,False,False,False,False,False,False,False
3019249,False,False,False,False,False,False,False,False,False
3025088,False,True,False,False,False,False,False,False,False
3025270,False,True,False,True,False,False,False,False,False
3027526,False,False,False,True,False,False,False,False,False
3028754,True,False,False,False,False,False,False,False,False
3030799,False,True,False,False,False,False,False,False,False
3035403,False,False,False,False,False,False,False,False,False
3036541,False,False,False,True,False,True,True,True,False
3038243,False,True,False,False,False,False,False,False,False
3041830,True,False,False,False,False,False,False,False,False
3043058,False,False,False,False,False,True,False,False,False
3046951,False,True,False,False,False,False,False,False,False
3047205,True,True,False,False,False,False,False,False,False
3047285,True,False,False,False,False,False,False,False,False
3049704,False,True,False,False,False,False,False,False,False
3051670,False,False,False,False,False,False,False,False,False
3052281,False,False,False,False,False,True,False,False,False
3055151,False,False,False,False,False,True,False,False,False
3056096,False,True,False,False,False,False,False,False,False
3059428,True,True,False,False,False,True,False,False,False
3060168,False,True,False,False,False,False,False,False,False
3061801,False,False,False,True,False,True,False,False,False
3070565,True,False,False,False,False,False,False,False,False
3070748,True,True,False,False,False,False,False,False,False
3077004,False,False,False,True,False,False,False,False,False
3077302,False,True,False,False,False,False,False,False,False
3083113,False,True,False,False,False,True,False,False,False
3084482,False,False,False,False,False,True,False,False,False
3107251,False,True,False,False,False,False,False,False,False
3110941,False,False,False,False,False,False,False,False,False
3121819,False,False,False,False,False,False,False,False,False
3121844,False,True,False,False,False,False,False,False,False
3124511,False,False,False,False,False,False,False,False,False
3130175,False,True,False,False,False,False,False,False,False
3133082,False,False,False,False,False,False,False,False,False
3134124,False,True,False,False,False,False,False,False,False
3136750,False,False,False,False,False,False,False,False,False
3143136,True,True,False,False,False,False,False,False,False
3147640,False,False,False,False,False,False,False,False,False
3147848,False,False,False,False,False,False,False,False,False
3150281,False,False,False,False,False,False,False,False,False
3154352,False,True,False,False,False,False,False,False,False
3158040,False,False,False,False,False,False,False,False,False
3158674,False,False,False,False,False,False,False,False,False
3160307,False,True,False,False,False,False,False,False,False
3161059,False,False,False,False,False,True,False,False,False
3161938,False,False,False,False,False,False,False,False,False
3163716,True,True,False,False,False,False,False,False,False
3167856,False,False,False,False,False,False,False,False,False
3168858,False,True,False,False,False,False,False,False,False
3179961,False,False,False,False,False,False,False,False,False
3190895,False,False,False,False,False,False,False,False,False
3192215,False,False,False,False,False,False,False,False,False
3193845,False,True,False,False,False,False,False,False,False
3196579,False,True,False,False,False,False,False,False,False
3199070,False,True,False,True,False,False,False,False,False
3199577,False,False,False,False,False,True,False,False,False
3203409,True,False,False,False,False,False,False,False,False
3214631,False,False,False,False,False,False,False,False,False
3215604,True,True,False,False,False,False,False,False,False
3215934,False,False,False,False,False,False,False,False,False
3216456,False,False,False,False,False,True,False,False,False
3218298,False,False,False,False,False,False,False,False,False
3221168,True,False,False,False,False,False,False,False,False
3224169,True,False,False,False,False,False,False,False,False
3224737,False,True,False,False,False,False,False,False,False
3227665,True,False,False,False,False,False,False,False,False
3228151,False,True,True,False,False,False,False,False,False
3230581,False,True,False,False,False,False,False,False,False
3234158,False,False,False,False,False,True,False,False,False
3236144,False,True,False,False,False,False,False,False,False
3239189,False,False,False,False,False,True,False,False,False
3239572,False,False,False,False,False,True,False,False,False
3240435,False,False,True,False,True,True,False,False,False
3242554,False,True,False,False,False,False,False,False,False
3245496,False,False,False,False,False,True,False,False,False
3247347,True,False,False,False,False,False,False,False,False
3248152,False,True,False,False,False,False,False,False,False
3256414,False,False,False,False,False,False,False,False,False
3259237,True,False,False,False,False,False,False,False,False
3263226,True,False,False,False,False,True,False,False,False
3270524,True,False,False,False,False,False,False,False,False
3272194,False,True,False,False,False,False,False,False,False
3272679,False,False,False,False,False,False,False,False,False
3274320,False,False,False,False,False,False,False,False,False
3281821,False,False,True,False,True,True,False,False,False
3282719,False,False,False,False,False,False,False,False,False
3283676,False,False,False,False,False,False,False,False,False
3287558,True,False,False,False,False,True,False,False,False
3289699,False,True,False,False,False,True,False,False,False
3290491,True,False,False,True,False,True,False,False,False
3295569,False,True,False,False,False,False,False,False,False
3298048,False,False,False,False,False,True,False,False,False
3301069,False,True,False,False,False,False,False,False,False
3301128,False,False,False,False,False,False,False,False,False
3303827,True,False,False,False,False,False,False,False,False
3304720,True,False,False,False,False,False,False,False,False
3310507,False,True,False,False,False,False,False,False,False
3315941,False,False,False,False,False,False,False,False,False
3317770,False,False,False,False,False,False,False,False,False
3324922,False,False,False,False,False,True,False,False,False
3327828,False,False,False,False,False,False,False,False,False
3330291,False,False,False,False,False,False,False,False,False
3331304,False,False,False,False,False,True,False,False,False
3332300,False,False,True,False,True,False,False,False,False
3339838,False,False,False,False,False,False,False,False,False
3340456,False,True,False,False,False,False,False,False,False
3341779,False,False,False,False,False,True,False,False,False
3342062,False,False,False,False,False,False,False,False,False
3343211,False,True,False,False,False,False,False,False,False
3343231,True,False,False,False,False,False,False,False,False
3344533,False,True,False,False,False,False,False,False,False
3344697,True,False,False,False,False,False,False,False,False
3345058,False,False,False,False,False,False,False,False,False
3347433,False,False,False,True,False,False,False,False,False
3347458,False,False,False,True,False,False,False,False,False
3350782,True,False,False,False,False,False,False,False,False
3351652,True,True,False,False,False,False,False,False,False
3351997,False,True,False,False,False,False,False,False,False
3357274,False,True,False,False,False,False,False,False,False
3362448,True,False,False,False,False,False,False,False,False
3363221,False,False,False,False,False,False,False,False,False
3365087,True,True,False,False,False,False,False,False,False
3369110,True,False,False,False,False,False,False,False,False
3370249,False,False,False,False,False,False,False,False,False
3372177,False,True,False,False,False,False,False,False,False
3374606,True,False,False,False,False,False,False,False,False
3375206,False,False,False,False,False,False,False,False,False
3377158,False,False,False,False,False,False,False,False,False
3378819,False,False,False,False,False,False,False,False,False
3379581,True,False,False,False,False,True,False,False,False
3382090,False,False,False,False,False,False,False,False,False
3383956,False,False,False,False,False,False,False,False,False
3385469,False,False,False,False,False,False,False,False,False
3394171,False,False,False,False,False,False,False,False,False
3397815,True,False,False,False,False,True,False,False,False
3399315,False,False,False,False,False,True,False,False,False
3409372,False,False,False,False,False,False,False,False,False
3410653,True,True,False,False,False,False,False,False,False
3411383,True,False,False,False,False,True,False,False,False
3412964,False,False,False,False,False,True,False,False,False
3413887,True,False,False,False,False,True,False,False,False
3416095,False,False,False,False,False,False,False,False,False
3418502,False,False,True,False,True,False,False,False,False
3421979,False,True,False,False,False,False,False,False,False
3423847,False,True,False,False,False,False,False,False,False
3426533,True,False,False,False,False,False,False,False,False
3427597,True,True,False,False,False,False,False,False,False
3427965,False,False,False,False,False,True,False,False,False
3428516,True,False,False,False,False,False,False,False,False
3435498,False,False,False,False,False,False,False,False,False
3438513,True,False,False,False,False,True,False,False,False
3444727,False,True,False,False,False,False,False,False,False
3445926,True,False,False,True,False,False,False,False,False
3446560,True,True,False,False,False,False,False,False,False
3450773,False,False,False,False,False,True,False,False,False
3454402,True,False,False,False,False,False,False,False,False
3461483,False,False,False,False,False,False,False,False,False
3464121,False,False,False,False,False,True,False,False,False
3468632,False,False,False,False,False,False,False,False,False
3474493,False,False,False,False,False,False,False,False,False
3479467,False,False,False,False,False,False,False,False,False
3479583,False,False,False,False,False,True,False,False,False
3481785,False,True,False,False,False,False,False,False,False
3482324,False,True,False,False,False,False,False,False,False
3483012,False,True,False,False,False,False,False,False,False
3488805,False,True,False,False,False,False,False,False,False
3489889,False,True,False,False,False,False,False,False,False
3491322,False,False,False,False,False,False,False,False,False
3493583,False,True,False,False,False,False,False,False,False
3499191,False,True,False,False,False,False,False,False,False
3507105,False,True,False,False,False,False,False,False,False
3508958,False,True,False,False,False,False,False,False,False
3509744,False,True,False,False,False,False,False,False,False
3512307,False,False,False,False,False,False,False,False,False
3517263,False,False,False,False,False,True,False,False,False
3521717,True,False,False,False,False,False,False,False,False
3523310,False,False,False,False,False,False,False,False,False
3530292,False,False,False,False,False,False,False,False,False
3532563,False,False,False,False,False,False,False,False,False
3533190,False,False,False,False,False,False,False,False,False
3545523,False,True,False,False,False,False,False,False,False
3547891,True,True,False,False,False,False,False,False,False
3550771,True,True,False,False,False,False,False,False,False
3551241,False,True,False,False,False,False,False,False,False
3554424,False,True,False,False,False,False,False,False,False
3557316,False,False,False,False,False,False,False,False,False
3558995,False,True,False,False,False,False,False,False,False
3563621,True,False,False,False,False,False,False,False,False
3568088,True,False,False,False,False,True,False,False,False
3572491,False,True,False,False,False,False,False,False,False
3573940,True,False,False,False,False,False,False,False,False
3576176,False,True,False,False,False,False,False,False,False
3577864,False,False,False,False,False,False,False,False,False
3586745,False,True,False,False,False,False,False,False,False
3587823,False,True,False,False,False,True,False,False,False
3589328,True,False,False,False,False,False,False,False,False
3590034,False,True,False,False,False,False,False,False,False
3592881,True,False,False,False,False,False,False,False,False
3593021,False,False,False,False,False,False,False,False,False
3595311,True,True,False,False,False,False,False,False,False
3596053,False,False,False,False,False,True,False,False,False
3596132,True,False,False,False,False,False,False,False,False
3600188,False,False,False,False,False,False,False,False,False
3602528,False,True,False,False,False,False,False,False,False
3603684,False,True,False,False,False,False,False,False,False
3605082,True,False,False,False,False,False,False,False,False
3606211,False,False,False,False,False,False,False,False,False
3606714,False,False,False,False,False,True,False,False,False
3607789,False,True,False,False,False,False,False,False,False
3608166,False,True,False,False,False,False,False,False,False
3608551,False,False,False,True,False,False,False,False,False
3608668,False,False,False,False,False,False,False,False,False
3618095,False,True,False,False,False,False,False,False,False
3618593,False,True,False,False,False,False,False,False,False
3621831,False,False,False,False,False,False,False,False,False
3623568,False,True,False,False,False,False,False,False,False
3624975,False,False,False,False,False,True,False,False,False
3628560,False,False,False,False,False,True,False,False,False
3638792,False,True,False,False,False,False,False,False,False
3643098,False,False,False,False,False,False,False,False,False
3647452,False,False,False,False,False,False,False,False,False
3656121,True,False,False,False,False,False,False,False,False
3663030,True,False,False,False,False,False,False,False,False
3667817,False,False,False,False,False,False,False,False,False
3670432,False,True,False,False,False,False,False,False,False
3671498,True,False,False,False,False,True,False,False,False
3672722,False,False,False,False,False,False,False,False,False
3679615,True,False,False,False,False,True,False,False,False
3681521,False,True,False,False,False,False,False,False,False
3684437,False,True,False,False,False,False,False,False,False
3685091,True,False,False,False,False,True,False,False,False
3690990,True,True,False,False,False,False,False,False,False
3692325,False,False,False,False,False,False,False,False,False
3692442,True,False,False,False,False,False,False,False,False
3693140,True,False,False,False,False,False,False,False,False
3698283,False,False,False,False,False,True,False,False,False
3699232,False,False,False,False,False,True,False,False,False
3702762,False,False,False,False,False,False,False,False,False
3705092,False,True,False,False,False,False,False,False,False
3711173,False,False,False,False,False,False,False,False,False
3712542,False,True,False,False,False,False,False,False,False
3713547,False,True,False,False,False,False,False,False,False
3714058,True,True,False,False,False,False,False,False,False
3720200,False,True,False,False,False,False,False,False,False
3723284,True,False,False,False,False,True,False,False,False
3724951,False,False,True,False,False,True,False,False,False
3733593,False,False,False,False,False,True,False,False,False
3736963,True,False,False,False,False,True,False,False,False
3742286,False,False,False,False,False,True,False,False,False
3743114,True,False,False,True,False,True,True,False,True
3744689,False,True,False,False,False,False,False,False,False
3746101,False,False,False,False,False,True,False,False,False
3746583,False,False,False,False,False,True,False,False,False
3747554,False,False,False,False,False,False,False,False,False
3753316,True,False,False,False,False,False,False,False,False
3755099,True,False,False,False,False,False,False,False,False
3755752,False,False,False,False,False,False,False,False,False
3757624,False,False,False,False,False,False,False,False,False
3757882,False,False,False,False,False,False,False,False,False
3758075,True,False,False,False,False,False,False,False,False
3760645,False,True,False,False,False,False,False,False,False
3760765,False,False,False,False,False,False,False,False,False
3761383,False,True,False,False,False,False,True,False,True
3763659,True,False,False,False,False,True,False,False,False
3764023,False,False,False,False,False,False,False,False,False
3769332,True,False,False,False,False,False,False,False,False
3782827,False,False,False,False,False,False,False,False,False
3785851,False,False,False,False,False,True,False,False,False
3788388,False,False,False,False,False,False,False,False,False
3789036,False,False,False,False,False,True,False,False,False
3791726,True,False,False,False,False,False,False,False,False
3799156,False,False,False,False,False,True,False,False,False
3801222,False,False,False,False,False,False,False,False,False
3802173,False,True,False,False,False,False,False,False,False
3802387,False,False,False,False,False,False,False,False,False
3803919,False,False,False,False,False,True,False,False,False
3806454,False,True,False,False,False,False,False,False,False
3808331,False,True,False,False,False,False,False,False,False
3811237,False,False,False,False,False,True,False,False,False
3817808,False,True,False,False,False,False,False,False,False
3819860,False,True,False,False,False,False,False,False,False
3820639,True,False,False,False,False,False,False,False,False
3821992,False,True,False,False,False,False,False,False,False
3831135,False,False,True,False,False,True,False,False,False
3832684,False,False,True,False,True,False,False,False,False
3840297,True,True,False,False,False,False,False,False,False
3841991,False,True,False,False,False,False,False,False,False
3845067,False,False,False,False,False,True,False,False,False
3845277,False,True,False,False,False,False,False,False,False
3848969,False,True,False,False,False,False,False,False,False
3851035,True,False,False,False,False,True,False,False,False
3851049,True,False,False,False,False,False,False,False,False
3855419,True,False,False,False,False,False,False,False,False
3857125,False,False,False,False,False,True,False,False,False
3868263,False,False,False,False,False,True,False,False,False
3874060,False,False,False,False,False,False,False,False,False
3878671,False,False,False,False,False,False,False,False,False
3879201,True,False,False,False,False,False,False,False,False
3880534,False,True,False,False,False,False,False,False,False
3883696,False,False,False,False,False,True,False,False,False
3883999,False,False,False,False,False,False,False,False,False
3887454,False,False,False,False,False,False,False,False,False
3887922,True,True,False,False,False,False,False,False,False
3890220,False,False,False,False,False,False,False,False,False
3891312,False,False,False,False,False,False,False,False,False
3892436,False,False,False,False,False,True,False,False,False
3897295,False,True,False,False,False,False,False,False,False
3897718,False,False,False,False,False,False,False,False,False
3907452,False,True,False,False,False,False,False,False,False
3907737,False,False,False,False,False,False,False,False,False
3908898,False,True,False,False,False,False,False,False,False
3912080,False,False,False,False,False,False,False,False,False
3915109,False,True,False,False,False,False,False,False,False
3917499,False,False,False,False,False,False,False,False,False
3917615,True,False,False,True,False,True,False,False,False
3920842,False,True,False,False,False,False,False,False,False
3923509,False,True,False,False,False,False,False,False,False
3923702,True,False,False,False,False,True,False,False,False
3925062,False,False,False,False,False,True,False,False,False
3925899,False,False,False,False,False,True,False,False,False
3926378,False,False,False,False,False,False,False,False,False
3931322,False,False,False,False,False,False,False,False,False
3933533,False,True,False,False,False,False,False,False,False
3934758,False,True,False,False,False,False,False,False,False
3939150,False,True,False,False,False,False,False,False,False
3942384,False,False,False,False,False,False,False,False,False
3946783,True,True,False,False,False,False,False,False,False
3955054,False,True,False,False,False,False,False,False,False
3960263,True,False,False,False,False,False,False,False,False
3960609,False,False,False,False,False,True,False,False,False
3965367,False,False,False,False,False,True,False,False,False
3967640,False,True,False,False,False,False,False,False,False
3969817,False,False,False,False,False,False,False,False,False
3969844,False,False,False,False,False,True,False,False,False
3969855,False,False,False,False,False,False,False,False,False
3970614,False,False,False,False,False,False,False,False,False
3974015,False,False,False,False,False,False,False,False,False
3974272,False,True,False,False,False,False,False,False,False
3976692,False,True,False,False,False,False,False,False,False
3985881,True,True,False,False,False,False,False,False,False
3986963,False,False,False,False,False,False,False,False,False
3992582,False,False,False,False,False,False,False,False,False
3997514,True,True,False,False,False,False,False,False,False
4000789,False,True,False,False,False,False,False,False,False
4003772,False,False,False,False,False,False,False,False,False
4009299,False,True,False,False,False,False,False,False,False
4011165,False,True,False,False,False,False,False,False,False
4013308,False,False,False,False,False,True,False,False,False
4017252,False,True,False,False,False,False,False,False,False
4022538,False,False,False,False,False,False,False,False,False
4022923,False,False,False,False,False,False,False,False,False
4023262,False,True,False,False,False,False,False,False,False
4023703,False,False,False,False,False,True,False,False,False
4026091,False,False,False,False,False,False,False,False,False
4030435,True,False,False,False,False,False,False,False,False
4030736,True,False,False,False,False,False,False,False,False
4035478,False,True,False,False,False,False,False,False,False
4035547,True,True,False,False,False,False,False,False,False
4045800,False,False,False,False,False,True,False,False,False
4046796,False,False,False,False,False,False,False,False,False
4050676,True,False,False,False,False,False,False,False,False
4058812,False,False,False,False,False,True,False,False,False
4064791,False,True,False,False,False,False,False,False,False
4065919,False,True,False,False,False,False,False,False,False
4066372,False,False,False,False,False,True,False,False,False
4072376,False,False,False,True,False,False,False,False,False
4074999,False,True,False,False,False,False,False,False,False
4075083,False,False,False,False,False,False,False,False,False
4075954,False,True,False,False,False,False,False,False,False
4081655,False,False,False,False,False,False,False,False,False
4082464,False,False,False,False,False,False,False,False,False
4090716,False,False,False,False,False,False,False,False,False
4104576,False,True,False,False,False,False,False,False,False
4107970,True,False,False,False,False,True,False,False,False
4108800,False,False,False,False,False,False,False,False,False
4112488,True,False,False,False,False,False,False,False,False
4116261,False,False,False,False,False,True,False,False,False
4119930,True,False,False,False,False,False,False,False,False
4123192,False,True,False,False,False,False,False,False,False
4125292,True,False,False,False,False,True,False,False,False
4127378,False,False,False,False,False,False,False,False,False
4127861,True,False,False,False,False,False,False,False,False
4127995,False,True,False,False,False,False,False,False,False
4128521,False,False,False,False,False,False,False,False,False
4131304,False,False,False,False,False,False,False,False,False
4137673,False,True,False,False,False,False,False,False,False
4140178,False,False,False,False,False,True,False,False,False
4143544,False,True,False,False,False,False,False,False,False
4144202,False,False,False,False,False,False,False,False,False
4144772,False,True,False,False,False,False,False,False,False
4147895,False,False,False,False,False,False,False,False,False
4155583,False,True,False,True,False,False,False,False,False
4156947,True,True,False,False,False,False,False,False,False
4164207,False,False,False,False,False,False,False,False,False
4169883,False,True,False,False,False,False,False,False,False
4170418,True,False,False,False,False,False,False,False,False
4181342,False,False,False,False,False,False,False,False,False
4183513,True,False,False,False,False,False,False,False,False
4189085,True,True,False,False,False,False,False,False,False
4192781,False,False,False,False,False,False,False,False,False
4194454,True,True,False,False,False,False,False,False,False
4196861,False,False,False,False,False,True,False,False,False
4200100,False,True,False,False,False,False,False,False,False
4201571,True,False,False,False,False,True,False,False,False
4209165,False,True,False,False,False,False,False,False,False
4211347,True,False,False,False,False,False,False,False,False
4222005,False,True,False,False,False,False,False,False,False
4225133,False,False,False,False,False,True,False,False,False
4226206,False,False,False,False,False,False,False,False,False
4226585,False,False,False,False,False,False,False,False,False
4226606,False,True,True,False,True,False,False,False,False
4227072,False,False,False,False,False,False,False,False,False
4236076,False,True,False,False,False,False,False,False,False
4246738,True,False,False,False,False,False,False,False,False
4258028,False,True,False,False,False,False,False,False,False
4259353,False,False,False,False,False,True,False,False,False
4266597,False,False,False,False,False,True,False,False,False
4269301,False,False,False,False,False,False,False,False,False
4271351,False,True,False,False,False,False,False,False,False
4272556,False,True,False,False,False,True,False,False,False
4273329,True,True,False,False,False,True,False,False,False
4277220,False,False,False,False,False,False,False,False,False
4278044,False,True,False,False,False,False,False,False,False
4282768,False,False,False,False,False,False,False,False,False
4283100,False,True,False,False,False,False,False,False,False
4287421,True,False,False,False,False,False,False,False,False
4294354,True,False,False,False,False,True,False,False,False
4299881,False,False,False,False,False,False,False,False,False
4301909,False,False,False,False,False,False,False,False,False
4302444,False,False,False,False,False,False,False,False,False
4305897,False,True,False,False,False,False,False,False,False
4311533,False,False,False,False,False,False,False,False,False
4312831,True,False,False,False,False,False,False,False,False
4314034,False,False,False,False,False,True,False,False,False
4316201,False,False,False,False,False,False,False,False,False
4319810,False,False,False,False,False,False,False,False,False
4320666,False,False,False,False,False,False,False,False,False
4320866,False,True,False,False,False,False,False,False,False
4329283,True,True,False,False,False,False,False,False,False
4334223,True,False,False,False,False,False,False,False,False
4336266,False,False,False,False,False,False,False,False,False
4340016,False,False,False,False,False,False,False,False,False
4343234,False,True,False,False,False,False,False,False,False
4346768,True,False,False,False,False,False,False,False,False
4346774,False,True,False,False,False,False,False,False,False
4352677,True,True,False,False,False,False,False,False,False
4353331,False,True,False,False,False,False,False,False,False
4355691,False,False,False,False,False,False,False,False,False
4360681,False,True,False,False,False,False,False,False,False
4373523,False,True,False,False,False,False,False,False,False
4374300,False,True,False,False,False,False,False,False,False
4382302,False,True,False,False,False,False,False,False,False
4387021,False,True,False,False,False,False,False,False,False
4389683,True,False,False,False,False,False,False,False,False
4390990,True,False,False,False,False,False,False,False,False
4391455,False,True,False,False,False,False,False,False,False
4397016,False,False,False,False,False,True,False,False,False
4397118,False,True,False,False,False,False,False,False,False
4402931,False,True,False,False,False,False,False,False,False
4403828,False,True,False,False,False,False,False,False,False
4407360,False,True,False,False,False,False,False,False,False
4411090,False,False,False,False,False,False,False,False,False
4414578,False,False,False,False,False,True,False,False,False
4416088,False,False,False,False,False,True,False,False,False
4417843,False,False,False,False,False,False,False,False,False
4421930,True,False,False,False,False,False,False,False,False
4424660,False,True,False,False,False,False,False,False,False
4424661,False,False,False,False,False,False,False,False,False
4441638,False,False,False,False,False,False,False,False,False
4448303,True,False,False,False,False,True,False,False,False
4448779,False,False,False,False,False,True,False,False,False
4449032,False,True,False,False,False,False,False,False,False
4450667,False,False,False,False,False,False,False,False,False
4455279,False,False,False,False,False,False,False,False,False
4460544,False,True,False,False,False,False,False,False,False
4460829,False,True,False,False,False,False,False,False,False
4471818,False,False,False,False,False,True,False,False,False
4471885,True,False,False,False,False,False,False,False,False
4476018,True,False,False,True,False,False,False,False,False
4476222,False,True,False,False,False,False,False,False,False
4479527,False,True,False,False,False,False,False,False,False
4486494,False,False,False,False,False,False,False,False,False
4488351,False,True,False,False,False,False,False,False,False
4493272,True,False,False,False,False,True,False,False,False
4506163,False,False,False,False,False,True,False,False,False
4508434,True,False,False,False,False,False,False,False,False
4511285,True,False,False,False,False,False,False,False,False
4511694,False,True,False,False,False,False,False,False,False
4518423,True,False,False,False,False,False,False,False,False
4520579,False,True,False,False,False,True,False,False,False
4525963,False,False,True,False,False,True,False,False,False
4526747,False,True,False,False,False,False,False,False,False
4528626,False,True,False,False,False,False,False,False,False
4530445,False,True,False,False,False,False,False,False,False
4530662,False,True,False,False,False,True,False,False,False
4538153,False,False,False,False,False,True,False,False,False
4538641,False,True,False,False,False,True,False,False,False
4540227,False,False,False,False,False,True,False,False,False
4544985,False,True,False,False,False,False,False,False,False
4551145,False,False,False,False,False,True,False,False,False
4553826,False,False,False,False,False,False,False,False,False
4557475,False,False,False,False,False,False,False,False,False
4558017,False,True,False,False,False,False,False,False,False
4565193,False,False,False,False,False,True,False,False,False
4568168,False,False,False,False,False,False,False,False,False
4570483,False,True,False,False,False,False,False,False,False
4570595,False,True,False,False,False,False,False,False,False
4570774,True,True,False,False,False,False,False,False,False
4572548,True,True,False,False,False,False,False,False,False
4579514,False,False,False,False,False,False,False,False,False
4582553,False,True,False,False,False,False,False,False,False
4582752,False,False,False,False,False,True,False,False,False
4583533,False,False,False,False,False,False,False,False,False
4586156,False,False,False,False,False,False,False,False,False
4596728,True,True,False,False,False,False,False,False,False
4599055,False,False,False,False,False,False,False,False,False
4619913,True,False,False,True,False,False,False,False,False
4623357,True,False,False,False,False,False,False,False,False
4627590,False,False,False,False,False,False,False,False,False
4628040,False,False,False,False,False,False,False,False,False
4629060,True,False,False,False,False,False,False,False,False
4630251,True,False,False,False,False,False,False,False,False
4631054,False,True,False,False,False,False,False,False,False
4631803,True,False,False,False,False,False,False,False,False
4632401,False,False,False,True,False,True,False,False,False
4647411,False,False,False,False,False,True,False,False,False
4649049,False,True,False,False,False,False,False,False,False
4654004,False,True,False,False,False,False,False,False,False
4654081,False,True,False,False,False,False,False,False,False
4655756,False,False,False,False,False,False,False,False,False
4658063,False,True,False,False,False,False,False,False,False
4658893,False,False,False,False,False,False,False,False,False
4672937,False,True,False,False,False,False,False,False,False
4673022,False,False,False,True,False,False,False,False,False
4674992,False,False,False,False,False,False,False,False,False
4684148,True,True,False,False,False,False,False,False,False
4686537,True,False,False,False,False,False,False,False,False
4687993,False,True,False,False,False,False,False,False,False
4689173,False,True,False,False,False,False,False,False,False
4691316,True,False,False,False,False,False,False,False,False
4692403,False,True,False,False,False,False,False,False,False
4695120,False,True,False,False,False,False,False,False,False
4696315,False,True,False,False,False,False,False,False,False
4698495,False,False,False,False,False,False,False,False,False
4699790,False,True,False,False,False,False,False,False,False
4699956,False,False,False,False,False,False,False,False,False
4701922,False,True,False,False,False,False,False,False,False
4716510,False,False,False,False,False,False,False,False,False
4718645,False,False,False,False,False,False,False,False,False
4719144,False,True,False,False,False,False,False,False,False
4720145,False,False,True,False,False,True,False,False,False
4725354,True,False,False,True,False,False,False,False,False
4725500,False,False,False,False,False,False,False,False,False
4731326,False,False,False,False,False,True,False,False,False
4737677,True,False,False,False,False,False,False,False,False
4743462,False,False,False,False,False,False,False,False,False
4743501,False,True,False,False,False,False,False,False,False
4745301,True,True,False,False,False,False,False,False,False
4746469,False,True,False,False,False,True,False,False,False
4748284,True,True,False,False,False,False,False,False,False
4750133,False,False,False,False,False,True,False,False,False
4754421,True,True,False,False,False,False,False,False,False
4755967,True,False,False,False,False,False,False,False,False
4762144,False,False,False,False,False,True,False,False,False
4764695,False,True,False,False,False,False,False,False,False
4767569,False,False,False,False,False,True,False,False,False
4773636,True,False,False,False,False,False,False,False,False
4774991,False,True,False,False,False,False,False,False,False
4777852,False,True,False,False,False,False,False,False,False
4779743,True,False,False,False,False,False,False,False,False
4783153,False,True,False,False,False,False,False,False,False
4784112,False,False,False,False,False,True,False,False,False
4785825,False,True,False,False,False,False,False,False,False
4788930,False,True,False,True,False,False,True,False,True
4789282,False,True,False,False,False,False,False,False,False
4793339,False,True,False,False,False,False,False,False,False
4794438,False,True,False,False,False,False,False,False,False
4796204,True,True,False,False,False,False,False,False,False
4797165,True,False,False,False,False,False,False,False,False
4801349,True,False,False,False,False,False,False,False,False
4801907,False,False,False,False,False,False,False,False,False
4805289,False,False,False,False,False,False,False,False,False
4805360,False,True,False,False,False,False,False,False,False
4805727,False,False,False,False,False,False,False,False,False
4808171,False,False,False,False,False,False,False,False,False
4808531,False,False,False,False,False,False,False,False,False
4812707,True,False,False,False,False,True,False,False,False
4815318,False,False,False,False,False,True,False,False,False
4816376,True,False,False,False,False,False,False,False,False
4816403,False,False,False,False,False,False,False,False,False
4826080,True,False,False,False,False,False,False,False,False
4826729,True,True,False,False,False,False,False,False,False
4829922,False,False,False,False,False,False,False,False,False
4830669,True,True,False,False,False,False,False,False,False
4833024,False,False,False,False,False,False,False,False,False
4833307,False,False,False,False,False,False,False,False,False
4834623,False,True,False,False,False,False,False,False,False
4835816,False,True,False,False,False,True,False,False,False
4836910,False,True,False,False,False,False,False,False,False
4837872,False,False,False,False,False,False,False,False,False
4844294,False,False,False,False,False,False,False,False,False
4850534,False,True,False,False,False,False,False,False,False
4853902,False,True,False,False,False,False,False,False,False
4859627,True,False,False,False,False,False,False,False,False
4862396,False,False,False,False,False,False,False,False,False
4863420,False,True,False,False,False,False,False,False,False
4867591,False,False,False,False,False,True,False,False,False
4868934,False,True,False,False,False,False,False,False,False
4869957,False,False,False,False,False,False,False,False,False
4872078,False,True,False,False,False,False,False,False,False
4875748,False,False,False,False,False,False,False,False,False
4881123,True,False,False,False,False,False,False,False,False
4886432,False,False,False,False,False,True,False,False,False
4888016,False,True,False,False,False,False,False,False,False
4890098,True,True,False,False,False,False,False,False,False
4895719,False,True,False,True,False,False,False,False,False
4907589,False,True,False,False,False,False,False,False,False
4911523,False,True,False,False,False,False,False,False,False
4914800,False,True,False,False,False,False,False,False,False
4918146,True,False,False,False,False,False,False,False,False
4926112,False,True,False,False,False,False,False,False,False
4927157,False,True,False,False,False,False,False,False,False
4928468,False,True,False,False,False,False,False,False,False
4933562,False,False,False,False,False,False,False,False,False
4937051,False,False,False,False,False,False,False,False,False
4945470,False,False,False,True,False,False,False,False,False
4946323,False,True,False,False,False,False,False,False,False
4947265,True,False,False,False,False,False,False,False,False
4947984,False,False,False,False,False,True,False,False,False
4953491,False,False,False,False,False,True,False,False,False
4954627,False,True,False,False,False,False,False,False,False
4958327,False,False,False,False,False,False,False,False,False
4962477,True,True,False,False,False,False,False,False,False
4964924,False,False,True,True,True,False,False,False,False
4965439,False,True,False,False,False,False,False,False,False
4969882,False,True,False,False,False,False,False,False,False
4974730,False,False,False,False,False,True,False,False,False
4980836,False,True,False,False,False,False,False,False,False
4982185,False,True,False,False,False,False,False,False,False
4988093,False,False,False,False,False,False,False,False,False
4991592,False,False,False,True,False,True,False,False,False
4995736,False,False,False,False,False,True,False,False,False
5005516,False,True,False,False,False,False,False,False,False
5007617,False,False,False,False,False,False,False,False,False
5011957,True,False,False,False,False,False,False,False,False
5012389,False,True,False,False,False,False,False,False,False
5014670,False,False,False,False,False,False,False,False,False
5027994,False,False,False,False,False,True,False,False,False
5033041,False,False,False,False,False,False,False,False,False
5041556,False,True,False,False,False,False,False,False,False
5043206,False,True,False,False,False,False,False,False,False
5046002,False,False,False,False,False,False,False,False,False
5052346,False,True,False,False,False,False,False,False,False
5053675,False,True,False,False,False,False,False,False,False
5055164,False,False,False,False,False,True,False,False,False
5058237,False,False,False,False,False,False,False,False,False
5064006,True,False,False,False,False,True,False,False,False
5065860,True,False,False,False,False,False,False,False,False
5072907,False,True,False,False,False,False,False,False,False
5075275,True,True,False,False,False,False,False,False,False
5077445,True,False,False,False,False,False,False,False,False
5079433,True,False,False,False,False,False,False,False,False
5084256,True,False,False,False,False,False,False,False,False
5086222,True,False,False,False,False,False,False,False,False
5086240,False,False,False,False,False,True,False,False,False
5088345,False,False,False,False,False,True,False,False,False
5089159,True,False,False,False,False,False,False,False,False
5090105,False,False,False,False,False,False,False,False,False
5091003,False,False,False,False,False,False,False,False,False
5098606,False,False,False,False,False,False,False,False,False
5113587,False,True,False,False,False,False,False,False,False
5115252,False,True,True,False,True,True,False,False,False
5119289,False,False,False,False,False,False,False,False,False
5123601,True,True,False,False,False,False,False,False,False
5126228,False,False,False,False,False,False,False,False,False
5132645,False,True,False,False,False,False,False,False,False
5133594,False,False,False,False,False,True,False,False,False
5134263,False,False,False,True,False,False,False,False,False
5138052,True,True,False,False,False,False,False,False,False
5146556,False,False,False,False,False,False,False,False,False
5150341,False,True,False,False,False,False,False,False,False
5150607,False,True,False,False,False,False,False,False,False
5155959,False,True,False,False,False,False,False,False,False
5162311,False,True,False,False,False,False,False,False,False
5163749,False,False,False,False,False,True,False,False,False
5167426,False,False,False,False,False,False,False,False,False
5167766,False,True,False,False,False,False,False,False,False
5171063,True,True,False,False,False,False,False,False,False
5173830,False,True,False,False,False,False,False,False,False
5174914,False,False,False,False,False,False,False,False,False
5176696,True,False,False,False,False,True,False,False,False
5177078,False,False,False,False,False,False,False,False,False
5178173,False,True,False,False,False,False,False,False,False
5183532,False,True,False,False,False,False,False,False,False
5190477,False,True,False,False,False,False,False,False,False
5190654,False,False,False,False,False,True,False,False,False
5198033,False,False,False,False,False,True,False,False,False
5200914,True,False,False,False,False,True,False,False,False
5209167,False,True,False,False,False,False,False,False,False
5213669,False,False,False,False,False,True,False,False,False
5214802,False,False,False,False,False,False,False,False,False
5233816,True,True,False,False,False,False,False,False,False
5234893,False,False,False,True,False,True,False,False,False
5238915,True,False,False,False,False,False,False,False,False
5242286,False,False,False,False,False,True,False,False,False
5249714,False,True,False,False,False,False,False,False,False
5254328,False,False,False,False,False,False,False,False,False
5255032,False,True,False,False,False,False,False,False,False
5257291,False,False,False,False,False,False,False,False,False
5262334,False,False,False,True,False,False,False,False,False
5275203,False,True,False,False,False,False,False,False,False
5276779,True,False,False,False,False,True,False,False,False
5279182,False,False,False,False,False,False,False,False,False
5281243,False,True,False,False,False,False,False,False,False
5282823,True,False,False,True,False,False,False,False,False
5287681,False,False,False,False,False,False,False,False,False
5287732,True,True,False,False,False,False,False,False,False
5287968,False,False,False,False,False,False,False,False,False
5290138,False,False,False,False,False,False,False,False,False
5295698,False,True,False,False,False,False,False,False,False
5297173,False,True,False,False,False,False,False,False,False
5297195,True,False,False,False,False,False,False,False,False
5301961,True,False,False,False,False,False,False,False,False
5302539,False,False,False,False,False,False,False,False,False
5304390,False,True,False,False,False,False,False,False,False
5310066,False,True,True,False,False,False,False,False,False
5316103,False,True,False,False,False,False,False,False,False
5317470,False,True,False,False,False,False,False,False,False
5317621,False,False,True,False,True,False,False,False,False
5317900,True,False,False,False,False,False,False,False,False
5323583,True,False,False,False,False,False,False,False,False
5324980,False,False,False,False,False,False,False,False,False
5327263,False,True,False,False,False,False,False,False,False
5329734,False,True,False,False,False,False,False,False,False
5333556,False,False,False,False,False,False,False,False,False
5336716,False,False,False,False,False,True,False,False,False
5339071,True,True,False,False,False,False,False,False,False
5343784,True,False,False,False,False,False,False,False,False
5343909,True,False,False,False,False,True,False,False,False
5344833,True,False,False,False,False,True,False,False,False
5344906,False,False,False,False,False,False,False,False,False
5346266,False,True,False,False,False,False,False,False,False
5349915,False,False,False,False,False,True,False,False,False
5352618,False,True,False,False,False,False,False,False,False
5353318,True,False,False,False,False,False,False,False,False
5359008,True,False,False,False,False,False,False,False,False
5359103,False,False,True,False,True,False,False,False,False
5360945,True,True,False,False,False,False,False,False,False
5365027,False,True,False,False,False,False,False,False,False
5368489,True,False,False,False,False,False,False,False,False
5373493,False,False,False,False,False,True,False,False,False
5374718,False,True,False,False,False,False,False,False,False
5375933,False,False,False,False,False,False,False,False,False
5379704,False,True,False,False,False,False,False,False,False
5379737,False,False,False,False,False,False,False,False,False
5383966,False,True,False,False,False,False,False,False,False
5385805,True,False,False,False,False,False,False,False,False
5392660,False,False,False,False,False,True,False,False,False
5394494,True,True,False,False,False,False,False,False,False
5400659,True,False,False,False,False,False,False,False,False
5402611,False,True,False,False,False,False,False,False,False
5403468,False,True,False,False,False,False,False,False,False
5405437,False,False,False,False,False,False,False,False,False
5410564,False,True,False,False,False,False,False,False,False
5413199,False,True,False,False,False,False,False,False,False
5413314,False,False,False,False,False,False,False,False,False
5417554,True,False,False,False,False,False,False,False,False
5420635,False,True,False,False,False,False,False,False,False
5422872,False,True,False,False,False,False,False,False,False
5423719,False,True,False,False,False,False,False,False,False
5424865,False,False,False,False,False,True,False,False,False
5427533,False,False,False,False,False,True,False,False,False
5427674,True,True,False,False,False,False,False,False,False
5429170,False,False,False,False,False,True,False,False,False
5430052,False,True,False,False,False,False,False,False,False
5432214,False,True,False,False,False,False,False,False,False
5432307,False,False,False,False,False,False,False,False,False
5433294,False,False,False,True,False,False,False,False,False
5433406,False,False,False,True,False,False,False,False,False
5433686,True,False,False,False,False,False,False,False,False
5434658,False,False,False,False,False,True,False,False,False
5440637,False,True,False,False,False,False,False,False,False
5454887,False,True,False,False,False,False,False,False,False
5457463,False,False,False,False,False,True,False,False,False
5463016,False,True,False,False,False,False,False,False,False
5469860,False,True,False,False,False,False,False,False,False
5469953,False,False,False,False,False,False,False,False,False
5470328,True,False,False,False,False,True,False,False,False
5471410,False,False,False,False,False,False,False,False,False
5477651,False,False,False,False,False,False,False,False,False
5478348,False,True,False,False,False,True,False,False,False
5483859,False,True,False,False,False,False,False,False,False
5484253,False,False,False,False,False,False,False,False,False
5490175,True,True,False,False,False,True,False,False,False
5493791,False,True,False,False,False,True,False,False,False
5501020,False,True,False,False,False,False,False,False,False
5504444,False,False,False,False,False,False,False,False,False
5506592,False,False,False,False,False,True,False,False,False
5506679,False,False,False,False,False,False,False,False,False
5509991,False,False,False,False,False,True,False,False,False
5516412,False,True,False,False,False,True,False,False,False
5523469,True,True,False,False,False,False,False,False,False
5523945,False,False,False,False,False,True,False,False,False
5525554,False,True,False,False,False,False,False,False,False
5525732,False,True,False,False,False,False,False,False,False
5528162,False,True,False,False,False,False,False,False,False
5529203,True,False,False,False,False,False,False,False,False
5529668,False,False,False,False,False,False,False,False,False
5529702,True,False,False,False,False,False,False,False,False
5532584,False,False,False,False,False,False,False,False,False
5533146,False,False,False,False,False,False,False,False,False
5539616,False,False,False,False,False,False,False,False,False
5540392,False,False,False,True,False,False,False,False,False
5540837,True,False,False,False,False,False,False,False,False
5546054,True,True,False,False,False,False,False,False,False
5547539,False,False,False,False,False,True,False,False,False
5550638,False,True,False,False,False,False,False,False,False
5559508,False,True,False,False,False,False,False,False,False
5560931,False,False,False,False,False,True,False,False,False
5563211,False,False,False,False,False,False,False,False,False
5563405,False,False,False,False,False,True,False,False,False
5570968,False,False,False,False,False,False,False,False,False
5571667,False,True,False,False,False,False,False,False,False
5574964,False,True,False,False,False,False,False,False,False
5587690,False,False,False,False,False,True,False,False,False
5592574,False,False,False,False,False,False,False,False,False
5594594,False,False,False,False,False,False,False,False,False
5595309,False,False,False,False,False,True,False,False,False
5606393,False,True,False,False,False,False,False,False,False
5612676,False,True,False,False,False,False,False,False,False
5614222,False,False,True,False,True,False,False,False,False
5614292,False,True,False,False,False,False,False,False,False
5615246,True,True,False,False,False,False,False,False,False
5617842,False,False,False,False,False,False,False,False,False
5619664,False,True,False,False,False,False,False,False,False
5622354,True,False,False,False,False,False,False,False,False
5629612,True,False,False,False,False,True,False,False,False
5630006,False,False,False,False,False,False,False,False,False
5645686,False,True,False,False,False,False,False,False,False
5647589,False,False,False,False,False,False,False,False,False
5650053,False,False,False,False,False,False,False,False,False
5650398,False,False,False,True,False,True,False,False,False
5652224,False,False,False,False,False,False,False,False,False
5653171,False,True,False,False,False,False,False,False,False
5659703,False,False,False,False,False,True,False,False,False
5661629,False,True,False,False,False,False,False,False,False
5668837,True,False,False,False,False,False,False,False,False
5669864,False,False,False,False,False,False,False,False,False
5671314,True,True,False,False,False,False,False,False,False
5674725,False,True,False,False,False,False,False,False,False
5677433,False,False,False,False,False,False,False,False,False
5685603,False,False,False,False,False,False,False,False,False
5686440,True,False,False,False,False,False,False,False,False
5686561,True,False,False,False,False,True,False,False,False
5690434,False,True,False,False,False,False,False,False,False
5691727,False,True,False,False,False,False,False,False,False
5692386,True,True,False,False,False,False,False,False,False
5693433,False,False,False,False,False,False,False,False,False
5695647,False,False,False,False,False,True,False,False,False
5695895,False,True,False,False,False,True,False,False,False
5701088,False,False,False,False,False,True,False,False,False
5704914,False,False,True,False,True,True,False,False,False
5705912,False,True,False,False,False,False,False,False,False
5707897,False,False,False,False,False,False,False,False,False
5709561,True,False,False,False,False,False,False,False,False
5709900,False,False,False,False,False,False,False,False,False
5717676,False,False,False,False,False,False,False,False,False
5723062,False,False,False,False,False,True,True,False,True
5730195,False,True,False,False,False,False,False,False,False
5733511,False,False,False,False,False,True,False,False,False
5736048,False,False,False,False,False,True,False,False,False
5737427,True,True,False,False,False,False,False,False,False
5738008,False,True,False,False,False,False,False,False,False
5739713,True,True,False,False,False,False,False,False,False
5741559,False,False,False,False,False,False,False,False,False
5744665,False,False,False,False,False,False,False,False,False
5746061,False,True,False,False,False,False,False,False,False
5746540,False,False,False,False,False,False,False,False,False
5748678,False,False,False,False,False,False,False,False,False
5748715,False,True,False,False,False,False,False,False,False
5754693,False,False,False,False,False,True,False,False,False
5756945,False,False,False,False,False,True,False,False,False
5759983,True,False,False,False,False,False,False,False,False
5763346,False,True,False,False,False,False,False,False,False
5763672,False,False,False,False,False,True,False,False,False
5766268,False,False,False,False,False,False,False,False,False
5767547,False,False,False,False,False,False,False,False,False
5777758,False,False,False,False,False,False,False,False,False
5777833,True,False,False,False,False,False,False,False,False
5779679,False,True,False,False,False,True,False,False,False
5782008,False,True,False,False,False,False,False,False,False
5785695,False,True,False,False,False,False,False,False,False
5788522,False,True,False,False,False,False,False,False,False
5793561,False,False,False,False,False,False,False,False,False
5795584,False,False,False,False,False,False,False,False,False
5800174,False,False,False,False,False,False,False,False,False
5803266,False,False,False,False,False,False,False,False,False
5814305,False,True,False,False,False,False,False,False,False
5817786,False,False,True,False,True,True,False,False,False
5821731,True,False,False,False,False,False,False,False,False
5822520,False,False,False,False,False,False,False,False,False
5823773,False,True,False,False,False,False,False,False,False
5826498,False,False,False,False,False,False,False,False,False
5826913,True,True,False,False,False,False,False,False,False
5826956,False,False,False,False,False,False,False,False,False
5828152,True,False,False,False,False,False,False,False,False
5838414,False,True,False,True,False,False,False,False,False
5838887,False,True,False,False,False,False,False,False,False
5842418,False,False,False,False,False,True,False,False,False
5842572,False,False,False,False,False,True,False,False,False
5849640,False,False,False,False,False,False,False,False,False
5855271,False,True,False,False,False,False,False,False,False
5856235,False,True,False,False,False,False,False,False,False
5856929,False,False,False,False,False,True,False,False,False
5856988,False,False,False,True,False,False,False,False,False
5857419,True,False,False,False,False,False,False,False,False
5860006,False,True,False,False,False,False,False,False,False
5864429,False,False,False,False,False,True,False,False,False
5869107,True,False,False,False,False,True,False,False,False
5869373,False,False,False,False,False,False,False,False,False
5871865,False,True,False,True,False,False,False,False,False
5873490,False,False,False,False,False,False,False,False,False
5881963,False,False,False,False,False,False,False,False,False
5883803,False,False,False,False,False,False,False,False,False
5883981,False,True,False,False,False,False,False,False,False
5884645,False,False,False,False,False,True,False,False,False
5886475,True,True,False,False,False,False,False,False,False
5888128,False,True,False,False,False,False,False,False,False
5888534,False,True,False,False,False,False,False,False,False
5889971,False,False,False,False,False,False,False,False,False
5891137,False,False,False,False,False,True,False,False,False
5892318,False,False,False,False,False,True,False,False,False
5896629,True,False,False,False,False,False,False,False,False
5896907,False,True,False,False,False,False,False,False,False
5902142,False,False,False,False,False,False,False,False,False
5905051,False,False,True,False,True,False,False,False,False
5905193,True,False,False,False,False,False,False,False,False
5905696,False,True,False,False,False,False,False,False,False
5906682,False,True,False,False,False,False,False,False,False
5907185,False,True,False,False,False,False,False,False,False
5909058,False,False,False,False,False,True,False,False,False
5912415,False,False,False,False,False,False,False,False,False
5913680,False,True,False,False,False,False,False,False,False
5917181,False,False,False,False,False,False,False,False,False
5921146,True,True,False,False,False,False,False,False,False
5922855,False,False,False,False,False,True,False,False,False
5927111,False,False,True,True,True,True,False,False,False
5932425,False,False,False,False,False,False,False,False,False
5944528,False,False,False,False,False,False,False,False,False
5945886,True,False,False,False,False,False,False,False,False
5945935,False,True,False,False,False,False,False,False,False
5947468,False,False,False,False,False,False,False,False,False
5948501,False,False,False,False,False,False,False,False,False
5951644,False,False,False,False,False,False,False,False,False
5952592,False,False,False,False,False,False,False,False,False
5956373,False,False,False,False,False,True,False,False,False
5957410,False,True,False,False,False,False,False,False,False
5960168,False,True,False,False,False,False,False,False,False
5961158,False,False,False,False,False,False,False,False,False
5962037,False,False,False,False,False,False,False,False,False
5964311,True,False,False,False,False,False,False,False,False
5964481,True,False,False,False,False,True,False,False,False
5964630,True,True,False,False,False,False,False,False,False
5968402,False,False,False,False,False,False,False,False,False
5971491,False,False,False,False,False,False,False,False,False
5975337,False,True,False,False,False,False,False,False,False
5975771,True,False,False,False,False,False,False,False,False
5976069,False,False,False,False,False,False,False,False,False
5981743,False,True,False,False,False,False,False,False,False
5984218,False,False,False,False,False,False,False,False,False
5984917,True,False,False,False,False,False,False,False,False
5988831,True,False,False,False,False,True,False,False,False
5991605,False,False,False,False,False,False,False,False,False
5994796,False,True,False,False,False,False,False,False,False
5997326,False,True,False,False,False,False,False,False,False
5997780,False,False,False,False,False,False,False,False,False
6000916,False,True,False,False,False,False,False,False,False
6005542,False,True,False,False,False,False,False,False,False
6008898,False,False,False,False,False,False,False,False,False
6014050,False,False,False,False,False,True,False,False,False
6017145,False,False,False,False,False,True,False,False,False
6018296,True,False,False,False,False,True,False,False,False
6023367,True,False,False,False,False,False,False,False,False
6025274,False,False,True,False,True,False,False,False,False
6026159,True,False,False,False,False,False,False,False,False
6029879,True,True,False,False,False,False,False,False,False
6031363,False,False,False,False,False,False,False,False,False
6036496,False,False,False,False,False,False,False,False,False
6037524,False,True,False,False,False,False,False,False,False
6039739,False,True,False,False,False,False,False,False,False
6043812,False,True,False,False,False,False,False,False,False
6044552,False,False,False,False,False,False,False,False,False
6046625,False,False,False,False,False,False,False,False,False
6048964,False,False,False,False,False,False,False,False,False
6049797,False,False,False,False,False,True,False,False,False
6053668,False,False,False,False,False,True,False,False,False
6061965,True,True,False,False,False,False,False,False,False
6062598,False,False,False,False,False,True,False,False,False
6064684,False,False,False,False,False,False,False,False,False
6065567,False,False,False,True,False,False,False,False,False
6078339,False,True,False,False,False,False,False,False,False
6083130,False,False,False,False,False,False,False,False,False
6083757,True,False,False,False,False,True,False,False,False
6085222,True,False,False,False,False,False,False,False,False
6086535,True,True,False,False,False,False,False,False,False
6087601,True,False,False,False,False,False,False,False,False
6089389,False,True,False,False,False,False,False,False,False
6089796,False,False,False,False,False,False,False,False,False
6091418,True,False,False,False,False,False,False,False,False
6094074,False,False,False,False,False,False,False,False,False
6094838,False,False,False,False,False,False,False,False,False
6103638,True,True,False,False,False,False,False,False,False
6112822,False,False,False,True,False,False,False,False,False
6113572,False,False,False,False,False,False,False,False,False
6116181,False,True,False,False,False,False,False,False,False
6119631,False,False,False,False,False,False,False,False,False
6119963,True,True,False,False,False,False,False,False,False
6121082,True,True,False,False,False,False,False,False,False
6123055,False,False,False,False,False,False,False,False,False
6124072,True,False,False,False,False,False,False,False,False
6130861,True,False,False,False,False,False,False,False,False
6131027,False,True,False,False,False,False,False,False,False
6136259,False,False,False,False,False,False,False,False,False
6138584,False,False,False,False,False,True,False,False,False
6145966,False,True,False,False,False,False,False,False,False
6148469,True,True,False,False,False,False,False,False,False
6155873,False,False,False,True,False,True,False,False,False
6170256,False,True,False,False,False,True,False,False,False
6172723,False,True,False,False,False,False,False,False,False
6173708,False,False,False,False,False,False,False,False,False
6175767,False,False,False,False,False,True,False,False,False
6177761,True,False,True,False,False,False,False,False,False
6183324,False,False,False,False,False,False,False,False,False
6186582,False,True,False,False,False,False,False,False,False
6187250,False,True,False,False,False,False,False,False,False
6187520,False,False,False,False,False,True,False,False,False
6189401,True,False,False,False,False,False,False,False,False
6190328,True,True,False,False,False,False,False,False,False
6192312,False,True,False,True,False,False,False,False,False
6193330,False,False,False,False,False,True,False,False,False
6198937,True,True,False,False,False,False,False,False,False
6203630,False,False,False,False,False,True,False,False,False
6219056,False,True,False,False,False,False,False,False,False
6224304,False,False,False,False,False,True,False,False,False
6230718,False,False,False,False,False,False,False,False,False
6231672,False,False,False,True,False,False,False,False,False
6239091,False,True,False,False,False,False,False,False,False
6240521,False,True,False,False,False,False,False,False,False
6242496,False,False,False,False,False,True,False,False,False
6243205,True,False,False,False,False,False,False,False,False
6244261,False,True,True,False,False,False,False,False,False
6250697,True,True,False,False,False,False,False,False,False
6251706,False,False,True,False,True,True,False,False,False
6257712,True,False,False,False,False,False,False,False,False
6259524,False,True,True,False,False,False,False,False,False
6268813,False,True,False,False,False,False,False,False,False
6269268,False,False,False,False,False,True,False,False,False
6269642,False,False,False,False,False,True,False,False,False
6274263,True,False,False,False,False,False,False,False,False
6275524,False,True,False,False,False,False,False,False,False
6280137,False,False,False,False,False,False,False,False,False
6281913,False,False,False,False,False,False,False,False,False
6284662,True,False,False,False,False,False,False,False,False
6289611,True,False,False,False,False,True,False,False,False
6294790,False,False,False,False,False,False,False,False,False
6301023,True,False,False,False,False,False,False,False,False
6307993,False,True,False,False,False,False,False,False,False
6308346,True,False,False,False,False,True,False,False,False
6312568,False,False,False,False,False,False,False,False,False
6313833,False,False,False,False,False,False,False,False,False
6314122,False,False,False,False,False,False,False,False,False
6315400,False,True,False,False,False,False,False,False,False
6316651,False,False,True,False,True,False,False,False,False
6317361,False,False,False,False,False,False,False,False,False
6317868,False,False,False,False,False,False,False,False,False
6319371,False,False,False,False,False,False,False,False,False
6320755,False,False,False,False,False,False,False,False,False
6321189,True,False,True,False,False,False,False,False,False
6323363,False,False,False,False,False,False,False,False,False
6323493,False,True,False,False,False,False,False,False,False
6324850,True,False,False,False,False,False,False,False,False
6330083,False,False,False,True,False,True,False,False,False
6332008,False,True,False,False,False,False,False,False,False
6335255,True,True,False,False,False,False,False,False,False
6342369,False,True,False,False,False,False,False,False,False
6343236,False,True,False,False,False,False,False,False,False
6346874,False,False,False,False,False,True,False,False,False
6347187,False,False,False,False,False,False,False,False,False
6353252,False,True,False,False,False,False,False,False,False
6353750,False,False,False,False,False,False,False,False,False
6356198,False,False,False,False,False,False,False,False,False
6372413,False,False,True,False,True,False,False,False,False
6373831,False,True,False,False,False,False,False,False,False
6374140,False,True,False,True,False,False,False,False,False
6374262,False,True,False,False,False,True,False,False,False
6377542,True,False,False,False,False,True,False,False,False
6380142,False,False,False,False,False,True,False,False,False
6383784,False,False,False,False,False,True,False,False,False
6385551,False,True,False,False,False,False,False,False,False
6394575,False,False,False,False,False,False,False,False,False
6398034,False,False,False,False,False,False,False,False,False
6401028,True,True,False,False,False,False,False,False,False
6406171,False,False,False,False,False,True,False,False,False
6407205,False,False,False,False,False,False,False,False,False
6412619,False,True,False,False,False,False,False,False,False
6414877,False,False,False,False,False,False,False,False,False
6415600,False,False,False,False,False,True,False,False,False
6420091,True,False,False,False,False,True,False,False,False
6426480,True,False,False,False,False,True,False,False,False
6427261,True,False,False,False,False,False,False,False,False
6435665,True,False,False,False,False,False,False,False,False
6440411,False,True,False,False,False,False,False,False,False
6442272,True,False,False,False,False,True,False,False,False
6443789,False,True,False,False,False,False,False,False,False
6448074,True,False,False,False,False,False,False,False,False
6459881,True,True,False,False,False,False,False,False,False
6461751,False,True,False,False,False,False,False,False,False
6467614,False,False,False,False,False,True,False,False,False
6470696,False,True,False,False,False,False,False,False,False
6471186,True,False,False,False,False,False,False,False,False
6471780,False,True,False,False,False,False,False,False,False
6477229,False,False,False,False,False,False,False,False,False
6478032,True,False,False,False,False,True,False,False,False
6480408,True,True,False,False,False,False,False,False,False
6487880,False,False,False,False,False,True,False,False,False
6496515,False,True,False,False,False,False,False,False,False
6500812,False,False,False,False,False,False,False,False,False
6508448,True,False,False,True,False,False,False,False,False
6509346,True,False,False,False,False,False,False,False,False
6509588,False,False,False,False,False,False,False,False,False
6509718,True,False,False,False,False,True,False,False,False
6516434,False,False,False,False,False,False,False,False,False
6518665,False,True,False,False,False,False,False,False,False
6521672,False,True,False,False,False,False,False,False,False
6525083,False,True,False,False,False,False,False,False,False
6528607,False,False,False,False,False,False,False,False,False
6529591,False,True,False,False,False,False,False,False,False
6530403,False,False,False,False,False,True,False,False,False
6533480,False,False,False,False,False,False,False,False,False
6538640,False,True,False,False,False,False,False,False,False
6539232,False,True,False,False,False,False,False,False,False
6541130,False,True,False,False,False,False,False,False,False
6550913,True,False,False,False,False,True,False,False,False
6552218,False,False,False,False,False,False,False,False,False
6553755,False,False,False,False,False,False,False,False,False
6553928,False,True,False,False,False,False,False,False,False
6554035,False,True,False,False,False,False,False,False,False
6554606,True,False,False,False,False,False,False,False,False
6559532,False,True,False,False,False,False,False,False,False
6562934,False,False,False,False,False,False,False,False,False
6567677,False,False,False,False,False,False,False,False,False
6569324,False,False,False,False,False,True,False,False,False
6571093,False,True,False,False,False,False,False,False,False
6572157,False,True,False,False,False,False,False,False,False
6579281,False,False,False,False,False,True,False,False,False
6580194,False,True,False,False,False,False,False,False,False
6582634,False,True,False,False,False,False,False,False,False
6589946,True,False,False,False,False,False,False,False,False
6590740,False,True,False,False,False,False,False,False,False
6594027,False,False,False,False,False,False,False,False,False
6594805,False,True,False,False,False,False,False,False,False
6596412,False,True,False,False,False,False,False,False,False
6597102,True,True,False,False,False,False,False,False,False
6602206,False,True,False,False,False,False,False,False,False
6602986,False,True,False,False,False,False,False,False,False
6603129,False,False,False,False,False,True,False,False,False
6607523,False,True,False,False,False,False,False,False,False
6613279,False,True,False,False,False,False,False,False,False
6623068,False,False,False,False,False,False,False,False,False
6627292,False,True,False,False,False,False,False,False,False
6633635,False,False,False,False,False,True,False,False,False
6636238,False,True,False,False,False,False,False,False,False
6648195,False,False,False,False,False,True,False,False,False
6648554,True,False,False,False,False,False,False,False,False
6651771,False,False,False,False,False,True,False,False,False
6652798,False,False,False,False,False,True,False,False,False
6653057,False,True,False,False,False,False,False,False,False
6654759,False,True,False,False,False,False,False,False,False
6660142,True,False,False,False,False,False,False,False,False
6660508,False,True,False,False,False,True,False,False,False
6661619,False,False,False,False,False,False,False,False,False
6663873,False,False,False,False,False,False,False,False,False
6666501,False,True,False,False,False,False,False,False,False
6669646,False,True,False,False,False,True,False,False,False
6673025,False,False,False,False,False,False,False,False,False
6675553,False,False,False,False,False,False,False,False,False
6675897,True,False,False,False,False,False,False,False,False
6678810,True,True,False,False,False,False,False,False,False
6681058,False,False,False,False,False,True,False,False,False
6682779,False,True,False,False,False,False,False,False,False
6688560,True,False,False,False,False,True,False,False,False
6696732,False,False,False,False,False,False,False,False,False
6700385,True,False,False,False,False,True,False,False,False
6700811,False,True,False,False,False,False,False,False,False
6703536,False,False,False,False,False,False,False,False,False
6707977,False,False,False,False,False,False,False,False,False
6708324,False,True,False,False,False,False,False,False,False
6714990,False,True,False,False,False,False,False,False,False
6715599,False,False,False,False,False,False,False,False,False
6715781,False,False,False,False,False,False,False,False,False
6715837,False,True,False,False,False,False,False,False,False
6723561,False,True,False,False,False,False,False,False,False
6726076,False,False,False,False,False,False,False,False,False
6727203,False,False,False,False,False,False,False,False,False
6730057,False,True,False,False,False,False,False,False,False
6744008,False,False,False,False,False,False,False,False,False
6753001,False,True,False,False,False,False,False,False,False
6753286,False,True,False,False,False,False,False,False,False
6754005,False,True,False,False,False,False,False,False,False
6758118,True,True,False,False,False,False,False,False,False
6759958,False,False,False,False,False,False,False,False,False
6763436,False,False,False,False,False,True,False,False,False
6764023,False,True,False,False,False,False,False,False,False
6767694,True,False,False,False,False,False,False,False,False
6771303,True,False,False,False,False,False,False,False,False
6772540,False,True,False,False,False,False,False,False,False
6773355,False,True,False,False,False,False,False,False,False
6778798,False,False,True,False,True,False,False,False,False
6778964,False,True,False,False,False,False,False,False,False
6781357,True,False,False,False,False,True,False,False,False
6789628,False,False,False,False,False,False,False,False,False
6794229,False,False,False,False,False,False,False,False,False
6797500,True,False,False,False,False,False,False,False,False
6798315,False,False,False,False,False,False,False,False,False
6809020,True,False,False,False,False,False,False,False,False
6811799,False,False,False,False,False,False,False,False,False
6813927,False,True,False,False,False,False,False,False,False
6815582,True,True,False,False,False,False,False,False,False
6816076,True,False,False,False,False,False,False,False,False
6817583,False,False,False,True,False,False,False,False,False
6817818,False,True,False,False,False,False,False,False,False
6818341,False,True,False,False,False,False,False,False,False
6818785,True,False,False,False,False,False,False,False,False
6823053,True,False,False,False,False,False,False,False,False
6829431,True,False,False,False,False,True,False,False,False
6830968,False,False,False,False,False,False,False,False,False
6839885,False,False,False,False,False,True,False,False,False
6842708,True,False,False,False,False,False,False,False,False
6849538,True,False,False,False,False,False,False,False,False
6849982,False,False,False,False,False,False,False,False,False
6850930,False,False,False,False,False,False,False,False,False
6851656,False,True,False,False,False,False,False,False,False
6853059,False,False,False,False,False,True,False,False,False
6854384,False,False,False,False,False,False,False,False,False
6863891,False,False,False,False,False,False,False,False,False
6868279,False,False,False,False,False,True,False,False,False
6868714,True,False,False,True,False,False,False,False,False
6871492,False,False,False,False,False,False,False,False,False
6874076,False,True,False,False,False,False,False,False,False
6874441,False,False,False,False,False,True,False,False,False
6880260,False,True,False,False,False,False,False,False,False
6887195,False,True,False,False,False,False,False,False,False
6903530,False,False,False,False,False,False,False,False,False
6906324,False,True,False,False,False,False,False,False,False
6907838,False,False,False,False,False,False,False,False,False
6908374,True,False,False,False,False,False,False,False,False
6908750,False,True,False,False,False,False,False,False,False
6909575,False,False,False,False,False,False,False,False,False
6911173,True,False,False,False,False,False,False,False,False
6915968,False,False,False,False,False,False,False,False,False
6918520,True,False,False,False,False,False,False,False,False
6921537,False,True,False,False,False,False,False,False,False
6928060,False,False,False,False,False,True,False,False,False
6928259,False,False,False,False,False,False,False,False,False
6929058,False,False,False,True,False,False,False,False,False
6931955,False,False,False,False,False,True,False,False,False
6932845,True,False,False,False,False,True,False,False,False
6936497,False,False,False,False,False,False,False,False,False
6937246,False,False,False,False,False,False,False,False,False
6937321,True,False,False,False,False,False,False,False,False
6939703,False,True,False,False,False,False,False,False,False
6941661,False,False,False,False,False,False,False,False,False
6943612,True,False,False,False,False,False,False,False,False
6944439,False,True,False,False,False,False,False,False,False
6945432,True,True,False,False,False,False,False,False,False
6947111,False,False,False,True,False,True,False,False,False
6947429,False,False,False,False,False,True,False,False,False
6947462,False,False,False,False,False,False,False,False,False
6948616,False,True,False,False,False,False,False,False,False
6949939,False,False,True,False,True,True,False,False,False
6951752,True,False,False,False,False,True,False,False,False
6955657,False,False,False,False,False,True,False,False,False
6958101,False,False,True,False,True,False,False,False,False
6958123,False,True,False,False,False,False,False,False,False
6962411,False,True,False,False,False,False,False,False,False
6965158,False,False,False,False,False,False,False,False,False
6970027,False,True,False,False,False,False,False,False,False
6971858,False,False,False,False,False,False,False,False,False
6971995,False,True,False,False,False,False,False,False,False
6974754,False,True,False,False,False,False,False,False,False
6975053,False,True,False,False,False,False,False,False,False
6985389,True,False,False,False,False,False,False,False,False
6986246,False,True,False,False,False,False,False,False,False
6986680,False,False,False,False,False,False,False,False,False
6994287,False,True,False,False,False,False,False,False,False
7000034,False,True,False,False,False,False,False,False,False
7006541,False,True,False,False,False,False,False,False,False
7010638,False,True,False,False,False,True,False,False,False
7015997,False,False,False,False,False,False,False,False,False
7018891,False,True,False,False,False,False,False,False,False
7021114,False,True,False,False,False,False,False,False,False
7027463,False,False,False,False,False,False,False,False,False
7032675,True,False,False,False,False,False,False,False,False
7035705,True,False,False,False,False,False,False,False,False
7036971,False,False,False,False,False,False,False,False,False
7041545,False,False,False,False,False,True,False,False,False
7043402,False,False,False,False,False,True,False,False,False
7043512,False,False,False,False,False,True,False,False,False
7045545,False,False,False,False,False,True,False,False,False
7046513,True,False,False,False,False,True,False,False,False
7047517,True,True,False,False,False,False,False,False,False
7049566,False,False,False,False,False,True,False,False,False
7054636,False,False,False,False,False,False,False,False,False
7057886,False,False,False,False,False,False,False,False,False
7059651,False,False,False,False,False,False,False,False,False
7062475,False,False,False,False,False,True,False,False,False
7063834,False,False,False,False,False,False,False,False,False
7069473,False,False,False,False,False,False,False,False,False
7069668,True,False,False,False,False,False,False,False,False
7081096,False,True,False,False,False,False,False,False,False
7084541,False,False,False,False,False,False,False,False,False
7088447,False,False,False,False,False,True,False,False,False
7090645,False,False,False,False,False,False,False,False,False
7093326,True,False,False,True,False,False,False,False,False
7099555,False,False,False,False,False,True,False,False,False
7107724,False,False,False,False,False,True,False,False,False
7110176,False,True,False,False,False,False,False,False,False
7119380,False,False,False,False,False,False,False,False,False
7121065,True,False,False,False,False,True,False,False,False
7123055,False,False,False,False,False,False,False,False,False
7126732,False,True,False,False,False,False,False,False,False
7127866,True,True,False,False,False,False,False,False,False
7128336,False,False,False,True,False,True,False,False,False
7132329,False,False,False,False,False,True,False,False,False
7141811,False,True,False,False,False,False,False,False,False
7144718,False,True,False,False,False,False,False,False,False
7144863,False,False,False,False,False,False,False,False,False
7149502,False,True,False,False,False,False,False,False,False
7152195,True,True,False,False,False,False,False,False,False
7155390,False,True,False,True,False,True,False,False,False
7156614,False,True,False,False,False,False,False,False,False
7163854,True,False,False,False,False,False,False,False,False
7174522,False,True,False,False,False,False,False,False,False
7180100,False,False,False,False,False,False,False,False,False
7180980,True,True,False,False,False,False,False,False,False
7182750,True,True,False,False,False,False,False,False,False
7182991,False,True,False,False,False,False,False,False,False
7187629,False,True,False,False,False,False,False,False,False
7188090,False,True,False,False,False,False,False,False,False
7188133,False,True,False,False,False,False,False,False,False
7192582,True,False,False,False,False,False,False,False,False
7192629,False,False,False,False,False,True,False,False,False
7192663,True,False,False,False,False,False,False,False,False
7193933,False,True,False,False,False,False,False,False,False
7199412,True,False,False,False,False,True,False,False,False
7202307,False,False,False,False,False,False,False,False,False
7211402,False,False,False,False,False,False,False,False,False
7211463,False,False,False,False,False,False,False,False,False
7213019,False,False,False,False,False,False,False,False,False
7215959,False,False,False,False,False,False,False,False,False
7217906,False,True,False,False,False,False,False,False,False
7230230,False,False,False,False,False,False,False,False,False
7232334,False,False,False,False,False,False,False,False,False
7233648,False,False,True,False,False,False,False,False,False
7237771,False,True,False,False,False,False,False,False,False
7240219,False,True,False,False,False,False,False,False,False
7241542,False,False,False,False,False,False,False,False,False
7244161,False,False,False,False,False,True,False,False,False
7247006,False,False,False,False,True,False,False,False,False
7249485,False,False,False,False,False,False,False,False,False
7249757,True,False,False,False,False,False,False,False,False
7250470,True,True,False,False,False,False,False,False,False
7250975,False,False,False,False,False,False,False,False,False
7251669,True,True,False,False,False,False,False,False,False
7255952,True,False,False,False,False,True,False,False,False
7258762,False,True,False,False,False,False,False,False,False
7266480,False,False,False,False,False,False,False,False,False
7268054,False,False,False,False,False,False,False,False,False
7272748,False,True,False,False,False,False,False,False,False
7273000,True,True,False,False,False,False,False,False,False
7275319,False,False,False,False,False,False,False,False,False
7286195,False,True,False,False,False,False,False,False,False
7290687,False,True,False,False,False,False,False,False,False
7292538,False,False,False,False,False,False,False,False,False
7293232,False,True,True,False,True,True,False,False,False
7296673,False,False,False,False,False,False,False,False,False
7297537,False,False,False,False,False,False,False,False,False
7299545,False,False,False,False,False,True,False,False,False
7304195,False,False,False,True,False,False,False,False,False
7305549,False,False,False,False,False,False,False,False,False
7306319,False,False,False,False,False,False,False,False,False
7306482,True,True,False,False,False,False,False,False,False
7309526,False,False,False,False,False,False,False,False,False
7312032,False,False,False,False,False,False,False,False,False
7314546,False,False,False,False,False,False,False,False,False
7314722,False,False,False,False,False,False,False,False,False
7318324,False,False,False,False,False,True,False,False,False
7324653,False,True,False,False,False,True,False,False,False
7327294,False,False,False,False,False,False,False,False,False
7330052,True,False,False,False,False,False,False,False,False
7336665,False,False,False,False,False,True,False,False,False
7344301,False,False,False,False,False,True,False,False,False
7348366,False,False,False,False,False,False,False,False,False
7349704,False,False,False,False,False,True,False,False,False
7349878,False,False,False,False,False,True,False,False,False
7358279,False,True,False,False,False,False,False,False,False
7359849,True,False,False,False,False,False,False,False,False
7361367,True,True,False,False,False,False,False,False,False
7363701,True,False,False,False,False,False,False,False,False
7364376,True,False,False,False,False,False,False,False,False
7365465,False,True,False,False,False,False,False,False,False
7365695,True,False,False,False,False,False,False,False,False
7367509,True,False,False,False,False,False,False,False,False
7369840,True,False,False,False,False,True,False,False,False
7374143,False,False,False,False,False,False,False,False,False
7380982,True,True,False,False,False,False,False,False,False
7382734,False,False,False,False,False,False,False,False,False
7391026,False,False,False,False,False,False,False,False,False
7396974,False,True,False,False,False,False,False,False,False
7400494,False,True,False,False,False,False,False,False,False
7401577,True,True,False,False,False,False,False,False,False
7401776,False,False,False,False,False,False,False,False,False
7403406,False,False,False,False,False,False,False,False,False
7410147,False,False,False,False,False,True,False,False,False
7420431,True,False,False,False,False,False,False,False,False
7429765,True,False,False,False,False,False,False,False,False
7438167,False,False,False,True,False,False,False,False,False
7441280,False,True,False,False,False,False,False,False,False
7449540,True,True,False,False,False,False,False,False,False
7450362,False,False,False,False,False,False,False,False,False
7452306,False,True,False,False,False,False,False,False,False
7452608,False,True,False,False,False,False,False,False,False
7453178,False,True,False,False,False,False,False,False,False
7456571,False,False,False,False,False,True,False,False,False
7460512,False,True,False,False,False,False,False,False,False
7462999,False,True,False,False,False,False,False,False,False
7469325,False,False,False,False,False,True,False,False,False
7469531,False,False,False,False,False,False,False,False,False
7470740,True,False,False,False,False,True,False,False,False
7478491,False,False,False,False,False,False,False,False,False
7479307,False,True,False,False,False,False,False,False,False
7479711,False,False,False,False,False,True,False,False,False
7486412,False,False,False,False,False,False,False,False,False
7488465,False,True,False,False,False,False,False,False,False
7488701,True,True,False,False,False,False,False,False,False
7490574,False,True,False,False,False,False,False,False,False
7492504,True,False,False,False,False,False,False,False,False
7493131,False,False,False,False,False,True,False,False,False
7495794,False,False,False,False,False,False,False,False,False
7496751,False,False,False,False,False,False,False,False,False
7498287,False,True,False,False,False,False,False,False,False
7503806,False,False,False,False,False,False,False,False,False
7507433,False,False,False,False,False,True,False,False,False
7508199,False,False,True,False,True,True,False,False,False
7510752,False,False,False,False,False,False,False,False,False
7520244,False,False,False,False,False,False,False,False,False
7521297,False,True,False,False,False,False,False,False,False
7525776,False,False,False,False,False,False,False,False,False
7526447,False,False,False,True,False,False,False,False,False
7532225,True,False,False,False,False,False,False,False,False
7543351,False,True,False,False,False,False,False,False,False
7551928,False,False,False,False,False,True,False,False,False
7554572,False,False,False,True,False,False,False,False,False
7555690,False,True,False,False,False,False,False,False,False
7557363,True,False,False,True,False,False,False,False,False
7558835,False,True,False,False,False,False,False,False,False
7563492,False,False,False,False,False,False,False,False,False
7566805,False,False,False,False,False,True,False,False,False
7567417,False,True,False,False,False,False,False,False,False
7568628,False,False,False,False,False,False,False,False,False
7570524,False,True,False,False,False,False,False,False,False
7571046,True,False,False,False,False,False,False,False,False
7574545,False,False,False,False,False,False,False,False,False
7581794,False,True,False,False,False,False,False,False,False
7584689,False,False,False,False,False,True,False,False,False
7587131,False,True,False,True,False,False,False,False,False
7591491,False,True,False,False,False,True,False,False,False
7592903,False,False,False,False,False,True,False,False,False
7594167,False,False,False,False,False,True,False,False,False
7594285,False,False,False,True,False,False,False,False,False
7599432,False,True,False,False,False,False,False,False,False
7601059,False,True,False,False,False,False,False,False,False
7606637,False,True,False,True,False,False,False,False,False
7606795,False,False,False,False,False,True,False,False,False
7607353,True,False,False,False,False,True,False,False,False
7607467,False,False,False,False,False,True,False,False,False
7609104,False,True,False,False,False,False,False,False,False
7610615,False,True,False,False,False,False,False,False,False
7611765,True,False,False,True,False,False,False,False,False
7612606,False,True,False,False,False,False,False,False,False
7617005,False,False,False,False,False,True,False,False,False
7619242,False,False,False,False,False,False,False,False,False
7619408,False,False,False,False,False,False,False,False,False
7620390,False,False,False,False,False,False,False,False,False
7621006,False,True,False,False,False,False,False,False,False
7624914,False,True,False,False,False,False,False,False,False
7626821,False,False,False,True,False,False,False,False,False
7628318,False,True,False,False,False,False,False,False,False
7629899,True,True,False,False,False,True,True,False,True
7630963,False,True,False,False,False,False,False,False,False
7633760,False,True,False,False,False,False,False,False,False
7636490,False,True,False,False,False,False,False,False,False
7636837,False,True,False,False,False,False,False,False,False
7637677,False,False,False,False,False,False,False,False,False
7638986,True,True,False,False,False,False,False,False,False
7644714,True,False,False,False,False,False,False,False,False
7647703,True,False,False,False,False,False,False,False,False
7652531,False,False,False,False,False,True,False,False,False
7654177,True,False,False,True,False,True,False,False,False
7656457,False,False,False,False,False,True,False,False,False
7657012,False,False,False,False,False,False,False,False,False
7659741,False,True,False,False,False,False,False,False,False
7669147,False,False,False,False,False,True,False,False,False
7669666,True,False,False,False,False,False,False,False,False
7671148,False,True,False,False,False,False,False,False,False
7672909,False,False,False,False,False,False,False,False,False
7675574,False,False,False,False,False,False,False,False,False
7692120,False,False,False,False,False,False,False,False,False
7693664,False,False,False,False,False,False,False,False,False
7698445,False,False,False,False,False,True,False,False,False
7707141,True,False,False,False,False,False,False,False,False
7708343,False,True,False,False,False,False,False,False,False
7714872,False,True,False,False,False,False,False,False,False
7717763,True,False,False,False,False,False,False,False,False
7719153,False,False,False,False,False,False,False,False,False
7719848,False,True,False,False,False,False,False,False,False
7720437,False,True,False,False,False,False,False,False,False
7722032,False,False,False,False,False,False,False,False,False
7723693,False,True,False,False,False,False,False,False,False
7725473,False,False,False,False,False,False,False,False,False
7726046,False,False,True,False,False,False,False,False,False
7727822,False,False,False,False,False,False,False,False,False
7728391,False,True,False,False,False,False,False,False,False
7735118,False,False,False,False,False,False,False,False,False
7735469,False,False,False,False,False,False,False,False,False
7736246,False,True,False,False,False,False,False,False,False
7736303,False,False,False,False,False,False,False,False,False
7736480,False,False,False,False,False,False,False,False,False
7742751,False,True,False,False,False,False,False,False,False
7742958,False,False,False,False,False,True,False,False,False
7752691,False,False,False,False,False,True,False,False,False
7757908,False,True,False,False,False,False,False,False,False
7758283,True,False,False,False,False,False,False,False,False
7758323,False,False,False,False,False,False,False,False,False
7760994,False,False,False,False,False,True,False,False,False
7761718,False,True,False,False,False,False,False,False,False
7763731,True,False,False,False,False,False,False,False,False
7766200,True,False,False,True,False,False,False,False,False
7780297,False,False,False,False,False,False,False,False,False
7784447,False,False,False,False,False,False,False,False,False
7784695,False,False,False,False,False,True,False,False,False
7785062,False,False,False,False,False,False,False,False,False
7786866,True,False,False,False,False,False,False,False,False
7791520,False,False,False,False,False,False,False,False,False
7791851,False,True,False,False,False,False,False,False,False
7793994,False,True,False,True,False,False,False,False,False
7796077,False,True,False,False,False,False,False,False,False
7801742,False,True,False,False,False,True,False,False,False
7801777,False,True,False,False,False,False,False,False,False
7807280,False,False,False,False,False,True,False,False,False
7808335,False,False,False,False,False,False,False,False,False
7808615,False,False,False,False,False,False,False,False,False
7816572,True,False,False,False,False,False,False,False,False
7816780,False,False,False,False,False,True,False,False,False
7817501,True,True,False,False,False,False,False,False,False
7818052,False,False,False,False,False,False,False,False,False
7818631,False,False,False,False,False,True,False,False,False
7823655,False,True,False,True,False,False,False,False,False
7824970,False,True,False,False,False,True,False,False,False
7825492,False,False,False,False,False,False,False,False,False
7826125,False,True,True,True,True,False,False,False,False
7826228,False,True,False,False,False,False,False,False,False
7827764,False,False,False,False,False,False,False,False,False
7829738,False,True,False,False,False,False,False,False,False
7830876,False,False,True,False,False,False,False,False,False
7838946,False,True,False,False,False,False,False,False,False
7841131,False,True,False,False,False,False,False,False,False
7844207,False,False,False,False,False,False,False,False,False
7845110,True,False,False,False,False,False,False,False,False
7849911,False,True,False,False,False,False,False,False,False
7851424,False,False,False,False,False,False,False,False,False
7855058,False,True,False,False,False,False,False,False,False
7865121,False,False,False,False,False,True,False,False,False
7867299,False,False,False,False,False,False,False,False,False
7871016,False,True,False,False,False,False,False,False,False
7872015,False,False,False,False,False,True,False,False,False
7877187,False,False,False,False,False,False,False,False,False
7877935,False,False,False,False,False,False,False,False,False
7879951,False,False,False,False,False,True,False,False,False
7881413,False,False,False,False,False,False,False,False,False
7886852,True,False,False,False,False,False,False,False,False
7887030,False,True,False,False,False,False,False,False,False
7891133,False,False,True,False,True,True,False,False,False
7891584,True,False,False,False,False,False,False,False,False
7895267,False,True,False,False,False,False,False,False,False
7899179,False,True,False,False,False,False,False,False,False
7913451,True,True,False,False,False,False,False,False,False
7919885,True,True,False,False,False,False,False,False,False
7920079,False,True,False,False,False,False,False,False,False
7923619,False,False,False,False,False,False,False,False,False
7931977,False,False,True,False,True,False,False,False,False
7932185,False,False,False,False,False,False,False,False,False
7933765,True,False,False,False,False,False,False,False,False
7936759,False,False,False,False,False,False,False,False,False
7939958,True,True,False,False,False,False,False,False,False
7945237,False,False,False,True,False,True,False,False,False
7949907,True,False,False,False,False,False,False,False,False
7951279,True,False,False,False,False,False,False,False,False
7951890,False,True,False,True,False,False,False,False,False
7965380,False,True,False,False,False,True,False,False,False
7969077,False,True,False,False,False,False,False,False,False
7969293,False,False,False,False,False,False,False,False,False
7975160,False,False,False,False,False,False,False,False,False
7975796,False,True,False,False,False,False,False,False,False
7977069,False,True,False,False,False,False,False,False,False
7982400,False,True,False,False,False,False,False,False,False
7986215,False,True,False,False,False,False,False,False,False
7992006,False,False,False,False,False,False,False,False,False
7998080,False,False,False,False,False,False,False,False,False
8001103,False,True,False,False,False,False,False,False,False
8002184,False,False,False,False,False,True,False,False,False
8019123,False,True,False,False,False,False,False,False,False
8019765,False,False,False,False,False,False,False,False,False
8021855,False,True,False,False,False,False,False,False,False
8021914,False,True,False,False,False,False,False,False,False
8023624,False,False,False,False,False,True,False,False,False
8025433,True,False,False,False,False,False,False,False,False
8025921,False,False,False,False,False,False,False,False,False
8028700,False,True,False,False,False,False,False,False,False
8035498,False,True,False,False,False,False,False,False,False
8035544,True,False,False,False,False,False,False,False,False
8035800,True,True,False,False,False,False,False,False,False
8037838,False,True,False,False,False,False,False,False,False
8039757,False,False,False,False,False,False,False,False,False
8044906,False,True,False,False,False,False,False,False,False
8045600,True,False,False,False,False,True,False,False,False
8046323,False,True,False,False,False,False,False,False,False
8048380,False,True,False,False,False,False,False,False,False
8052946,False,False,False,False,False,False,False,False,False
8057689,False,True,False,False,False,False,False,False,False
8059235,False,True,False,False,False,False,False,False,False
8067784,False,False,False,False,False,True,False,False,False
8068889,True,False,False,False,False,False,False,False,False
8070635,False,False,False,False,False,False,False,False,False
8075181,False,True,False,False,False,False,False,False,False
8076159,False,False,False,False,False,True,False,False,False
8089147,False,False,False,False,False,False,False,False,False
8091164,False,False,False,False,False,False,False,False,False
8091387,True,True,False,False,False,False,False,False,False
8097430,True,False,False,False,False,False,False,False,False
8101503,False,False,False,False,False,False,False,False,False
8109674,False,False,False,False,False,True,False,False,False
8112530,True,False,False,False,False,True,False,False,False
8115671,False,False,False,False,False,False,False,False,False
8116885,False,False,False,False,False,False,False,False,False
8117039,True,True,False,False,False,False,False,False,False
8119367,False,True,False,False,False,False,False,False,False
8119482,False,True,False,False,False,False,False,False,False
8120653,False,True,False,False,False,False,False,False,False
8122087,False,True,False,False,False,False,False,False,False
8122113,True,False,False,False,False,False,False,False,False
8126842,False,True,False,False,False,True,False,False,False
8130882,False,True,False,False,False,False,False,False,False
8130905,False,False,False,False,False,False,False,False,False
8133362,False,True,False,False,False,False,False,False,False
8133599,False,True,False,False,False,False,False,False,False
8139437,True,True,False,False,False,False,False,False,False
8141911,False,False,False,False,False,True,False,False,False
8142534,False,False,False,False,False,False,False,False,False
8143917,False,False,False,False,False,True,False,False,False
8144207,False,True,False,False,False,False,False,False,False
8145268,False,True,False,False,False,False,False,False,False
8147172,True,False,False,False,False,False,False,False,False
8148916,False,False,True,False,True,False,False,False,False
8149510,False,False,False,False,False,False,False,False,False
8151996,False,True,False,False,False,False,False,False,False
8155254,True,False,False,False,False,False,False,False,False
8160308,False,False,False,False,False,False,False,False,False
8165350,False,True,False,False,False,False,False,False,False
8165855,True,False,False,True,False,False,False,False,False
8172298,False,True,False,False,False,False,False,False,False
8173118,True,False,False,False,False,False,False,False,False
8173695,False,False,False,False,False,False,False,False,False
8174814,True,True,False,False,False,False,False,False,False
8177594,True,False,False,False,False,False,False,False,False
8181520,False,False,False,False,False,False,False,False,False
8182326,True,False,False,False,False,False,False,False,False
8190741,False,True,True,False,True,True,True,True,False
8198980,True,False,False,False,False,False,False,False,False
8202643,False,False,False,False,False,True,False,False,False
8204706,False,False,False,False,False,False,False,False,False
8205291,False,False,False,False,False,False,False,False,False
8205705,False,True,False,False,False,False,False,False,False
8210970,False,False,False,False,False,False,False,False,False
8212322,False,False,False,False,False,True,False,False,False
8212369,False,True,False,False,False,False,False,False,False
8220613,False,False,False,False,False,False,False,False,False
8222087,False,True,False,False,False,True,False,False,False
8222297,False,False,True,False,True,True,False,False,False
8223016,False,False,False,False,False,False,False,False,False
8225169,False,False,False,False,False,False,False,False,False
8228280,True,False,False,False,False,False,False,False,False
8228765,False,False,False,False,False,False,False,False,False
8230014,False,True,False,False,False,False,False,False,False
8230489,False,False,False,False,False,False,False,False,False
8231921,False,True,False,False,False,False,False,False,False
8234499,False,False,False,False,False,False,False,False,False
8236638,True,False,True,False,False,True,False,False,False
8236745,False,False,False,False,False,True,False,False,False
8245992,False,True,False,False,False,True,False,False,False
8246192,True,True,False,False,False,False,False,False,False
8254344,False,False,False,False,False,True,False,False,False
8254454,False,False,False,False,False,True,False,False,False
8260607,False,False,False,True,False,False,False,False,False
8262288,False,False,False,False,False,False,False,False,False
8263727,False,False,False,False,False,False,False,False,False
8267143,True,False,False,False,False,True,False,False,False
8269868,False,True,False,False,False,False,False,False,False
8272722,False,True,False,False,False,False,False,False,False
8275031,False,True,False,False,False,False,False,False,False
8278582,False,True,False,False,False,False,False,False,False
8281516,False,True,False,False,False,False,False,False,False
8283057,False,False,False,False,False,False,False,False,False
8290291,False,False,False,False,False,True,False,False,False
8290453,False,False,False,False,False,True,False,False,False
8295387,False,False,False,False,False,False,False,False,False
8296042,False,False,False,False,False,True,False,False,False
8298944,False,True,False,False,False,False,False,False,False
8301565,True,False,False,False,False,False,False,False,False
8303398,True,True,False,False,False,False,False,False,False
8304335,True,True,False,False,False,False,False,False,False
8305637,False,False,True,False,True,False,False,False,False
8309774,True,False,False,True,False,True,False,False,False
8313709,False,False,False,False,False,False,False,False,False
8315670,False,False,False,False,False,False,False,False,False
8316677,True,True,False,False,False,False,False,False,False
8323198,False,False,False,False,False,False,False,False,False
8325513,False,False,False,False,False,True,False,False,False
8327569,True,False,False,False,False,True,False,False,False
8328365,False,False,False,False,False,False,False,False,False
8331664,False,True,False,False,False,False,False,False,False
8337074,False,False,False,False,False,False,False,False,False
8338293,False,False,False,False,False,True,False,False,False
8340273,False,False,False,False,False,True,False,False,False
8344936,True,False,False,False,False,True,False,False,False
8348751,False,True,False,False,False,False,False,False,False
8349474,False,False,False,False,False,False,False,False,False
8350527,False,False,False,False,False,False,False,False,False
8351885,False,True,False,False,False,False,False,False,False
8352375,False,True,False,False,False,False,False,False,False
8353500,False,True,False,False,False,False,False,False,False
8355924,False,False,False,False,False,False,False,False,False
8366473,False,False,False,False,False,False,False,False,False
8370966,False,False,False,False,False,False,False,False,False
8372209,False,True,False,False,False,False,False,False,False
8373119,False,False,False,False,False,False,False,False,False
8379291,False,True,False,False,False,False,False,False,False
8385224,True,False,False,False,False,False,False,False,False
8385358,False,True,False,False,False,False,False,False,False
8386951,False,True,False,False,False,False,False,False,False
8387999,False,False,False,False,False,False,False,False,False
8391560,False,True,False,False,False,False,False,False,False
8394105,False,False,False,False,False,True,False,False,False
8394112,False,False,False,False,False,True,False,False,False
8397048,False,True,False,False,False,False,False,False,False
8401529,False,False,False,False,False,True,False,False,False
8403925,False,False,False,False,False,True,False,False,False
8403995,False,False,False,False,False,False,False,False,False
8407695,False,True,False,False,False,False,False,False,False
8419388,False,False,False,False,False,False,False,False,False
8419766,False,True,False,False,False,False,False,False,False
8420038,True,True,False,False,False,False,False,False,False
8421728,False,False,False,False,False,False,False,False,False
8425702,False,False,False,False,False,False,False,False,False
8427725,True,False,False,False,False,False,False,False,False
8431662,False,False,False,False,False,False,False,False,False
8432407,False,False,False,False,False,False,False,False,False
8433384,False,False,False,False,False,False,False,False,False
8434168,False,False,False,False,False,False,False,False,False
8438725,False,False,False,False,False,True,False,False,False
8439203,False,False,False,False,False,False,False,False,False
8439264,False,True,True,False,False,False,False,False,False
8439486,False,False,False,False,False,True,False,False,False
8442176,False,False,False,True,False,True,False,False,False
8444367,False,True,False,False,False,False,False,False,False
8454305,False,False,False,False,False,False,False,False,False
8457132,False,False,False,False,False,False,False,False,False
8461649,False,False,False,False,False,False,False,False,False
8469140,False,True,False,False,False,True,False,False,False
8469340,False,False,False,False,False,True,False,False,False
8473797,False,True,False,False,False,False,False,False,False
8474916,False,False,False,False,False,False,False,False,False
8475634,True,False,False,False,False,False,False,False,False
8478809,False,False,False,False,False,False,False,False,False
8479399,False,True,False,False,False,False,False,False,False
8480847,False,True,False,False,False,False,False,False,False
8481569,False,True,False,False,False,False,False,False,False
8495999,False,False,False,False,False,False,False,False,False
8496714,False,False,False,False,False,False,False,False,False
8497990,False,False,False,True,False,False,False,False,False
8498147,False,True,True,True,True,False,True,False,True
8502351,False,True,False,False,False,False,False,False,False
8503146,False,False,False,False,False,False,False,False,False
8505253,True,False,False,False,False,False,False,False,False
8505652,False,False,False,False,False,True,False,False,False
8506549,False,True,False,False,False,False,False,False,False
8508960,True,False,False,False,False,True,False,False,False
8518705,False,False,False,False,False,False,False,False,False
8519424,True,False,False,False,False,False,False,False,False
8521337,True,False,False,False,False,True,False,False,False
8523277,True,False,False,False,False,False,False,False,False
8524406,True,False,False,False,False,False,False,False,False
8526323,False,False,False,False,False,False,False,False,False
8529072,False,False,False,False,False,False,False,False,False
8533831,True,True,False,False,False,False,False,False,False
8534142,False,False,False,False,False,True,False,False,False
8535374,False,False,False,False,False,False,False,False,False
8538619,False,True,True,False,False,False,False,False,False
8548402,False,False,False,False,False,False,False,False,False
8553214,True,True,False,False,False,False,False,False,False
8555100,False,True,False,False,False,False,False,False,False
8561107,False,False,False,False,False,False,False,False,False
8563022,False,True,False,False,False,False,False,False,False
8568533,False,False,False,False,False,False,False,False,False
8570989,False,False,False,False,False,False,False,False,False
8574237,False,True,False,False,False,False,False,False,False
8576071,False,False,False,False,False,True,False,False,False
8579909,False,False,False,False,False,False,False,False,False
8580685,False,False,False,False,False,True,False,False,False
8582990,False,False,False,False,False,True,False,False,False
8588204,False,True,True,False,False,False,False,False,False
8590559,False,False,False,False,False,False,False,False,False
8592251,False,True,False,False,False,True,False,False,False
8595040,False,False,False,False,False,False,False,False,False
8604046,False,True,False,False,False,False,False,False,False
8604303,True,False,False,False,False,False,False,False,False
8604735,False,True,False,False,False,False,False,False,False
8608870,True,False,False,False,False,False,False,False,False
8615725,False,False,False,False,False,False,False,False,False
8616347,False,False,False,False,False,False,False,False,False
8616563,False,True,False,False,False,False,False,False,False
8617067,True,False,False,False,False,False,False,False,False
8620255,False,False,False,True,False,False,False,False,False
8623605,False,True,False,False,False,False,False,False,False
8624129,False,False,False,False,False,False,False,False,False
8625108,True,True,False,False,False,True,False,False,False
8625789,False,True,False,False,False,False,False,False,False
8626650,False,False,False,False,False,False,False,False,False
8628112,False,False,False,False,False,True,False,False,False
8628804,False,True,False,False,False,False,False,False,False
8633915,True,True,False,False,False,False,False,False,False
8639849,False,True,False,False,False,False,False,False,False
8643423,True,True,False,False,False,False,False,False,False
8644650,False,False,False,False,False,False,False,False,False
8645884,False,False,False,False,False,False,False,False,False
8646268,False,True,False,False,False,False,False,False,False
8647630,True,False,False,False,False,True,False,False,False
8653632,False,False,False,False,False,False,False,False,False
8656203,False,False,False,False,False,False,False,False,False
8657535,True,False,False,False,False,False,False,False,False
8665288,False,True,False,False,False,False,False,False,False
8670729,False,True,False,False,False,False,False,False,False
8670925,False,False,False,False,False,False,False,False,False
8676139,True,False,False,False,False,False,False,False,False
8679222,False,False,False,False,False,False,False,False,False
8680151,False,True,False,False,False,False,False,False,False
8685569,True,False,False,True,False,True,False,False,False
8686974,False,False,False,False,False,True,False,False,False
8687880,False,True,False,False,False,False,False,False,False
8697703,True,False,False,False,False,False,False,False,False
8713886,False,True,False,False,False,False,False,False,False
8715922,False,True,False,False,False,False,False,False,False
8716088,False,True,False,False,False,False,False,False,False
8716252,True,False,False,False,False,False,False,False,False
8721101,False,False,False,False,False,False,False,False,False
8722107,False,True,False,False,False,False,False,False,False
8722351,False,False,False,False,False,True,False,False,False
8727125,False,True,False,True,False,False,True,False,True
8737503,False,True,False,False,False,False,False,False,False
8737983,True,False,False,False,False,False,False,False,False
8744277,True,False,False,False,False,False,False,False,False
8746396,False,False,False,True,False,True,False,False,False
8750242,False,False,False,False,False,False,False,False,False
8756951,True,True,True,False,False,False,False,False,False
8758994,True,True,False,False,False,False,False,False,False
8759982,False,True,False,False,False,False,False,False,False
8762193,True,False,False,False,False,False,False,False,False
8765888,True,True,False,False,False,False,False,False,False
8771267,False,False,False,False,False,False,False,False,False
8775030,False,True,False,False,False,False,False,False,False
8781002,False,False,False,False,False,True,False,False,False
8782888,False,True,False,False,False,False,False,False,False
8786407,False,True,False,False,False,False,False,False,False
8786888,False,False,False,False,False,False,False,False,False
8787376,False,False,False,False,False,False,False,False,False
8789370,False,False,False,False,False,True,False,False,False
8789515,False,False,False,False,False,False,False,False,False
8793597,True,False,False,False,False,False,False,False,False
8800250,False,True,False,False,False,False,False,False,False
8801496,False,True,False,False,False,False,False,False,False
8805495,False,False,False,False,False,False,False,False,False
8811283,False,False,False,False,False,False,False,False,False
8817433,True,False,False,False,False,True,False,False,False
8822679,False,False,False,False,False,False,False,False,False
8826875,False,False,False,False,False,True,False,False,False
8831558,False,True,False,False,False,False,False,False,False
8833701,True,False,True,False,False,False,False,False,False
8833769,True,True,False,False,False,False,False,False,False
8834919,True,False,False,False,False,False,False,False,False
8837466,False,False,False,False,False,False,False,False,False
8840431,False,False,False,False,False,False,False,False,False
8841254,False,False,False,False,False,False,False,False,False
8849628,False,False,False,False,False,False,False,False,False
8851394,False,False,False,False,False,False,False,False,False
8854548,False,True,False,True,False,False,False,False,False
8855142,False,False,False,False,False,True,False,False,False
8859961,False,True,False,False,False,False,False,False,False
8867549,True,False,False,False,False,False,False,False,False
8870004,True,True,False,False,False,False,False,False,False
8876485,True,False,False,False,False,False,False,False,False
8884546,False,False,False,False,False,False,False,False,False
8886394,False,True,False,False,False,False,False,False,False
8889300,False,False,False,False,False,False,False,False,False
8890155,False,False,False,False,False,True,False,False,False
8892990,False,False,False,False,False,True,False,False,False
8893024,True,False,False,False,False,False,False,False,False
8902114,False,False,False,False,False,False,False,False,False
8907410,False,False,True,False,False,True,False,False,False
8908023,False,False,True,False,True,True,False,False,False
8918237,False,False,False,False,False,True,False,False,False
8919679,False,False,False,False,False,False,False,False,False
8919805,True,False,False,False,False,False,False,False,False
8925497,False,False,False,False,False,True,False,False,False
8929942,False,False,False,False,False,True,False,False,False
8931039,True,True,False,False,False,False,False,False,False
8936908,False,False,False,False,False,False,False,False,False
8939387,False,False,False,False,False,False,False,False,False
8944473,False,False,False,False,False,False,False,False,False
8953379,False,False,True,False,True,False,False,False,False
8955038,False,True,False,False,False,False,False,False,False
8955102,True,False,False,False,False,False,False,False,False
8957588,True,False,False,False,False,False,False,False,False
8959040,False,True,False,False,False,False,False,False,False
8963174,False,False,False,False,False,False,False,False,False
8964907,False,False,False,False,False,False,False,False,False
8967551,False,False,False,False,False,True,False,False,False
8972575,False,True,False,False,False,False,False,False,False
8973572,False,False,True,True,True,False,False,False,False
8975533,False,False,False,False,False,False,False,False,False
8979935,True,True,False,False,False,False,False,False,False
8983836,False,True,False,False,False,False,False,False,False
8984656,False,True,False,False,False,False,False,False,False
8985732,False,True,False,False,False,False,False,False,False
8993087,False,False,False,False,False,True,False,False,False
8993245,True,False,False,False,False,False,False,False,False
8994785,False,False,False,False,False,False,False,False,False
8994903,False,False,False,False,False,False,False,False,False
8997445,False,False,False,False,False,True,False,False,False
8998672,True,False,False,True,False,False,False,False,False
9002192,False,True,False,False,False,False,False,False,False
9004534,False,True,False,False,False,False,False,False,False
9007737,True,True,False,False,False,False,False,False,False
9008377,False,False,False,False,False,False,False,False,False
9008552,False,False,False,False,False,True,False,False,False
9010653,False,False,False,False,False,False,False,False,False
9017047,False,False,False,False,False,False,False,False,False
9019666,False,False,False,False,False,False,False,False,False
9021438,True,False,False,False,False,False,False,False,False
9022304,False,True,False,False,False,False,False,False,False
9022729,False,False,False,False,False,True,False,False,False
9023065,True,False,False,False,False,False,False,False,False
9025567,False,True,False,False,False,False,False,False,False
9035272,False,False,False,False,False,False,False,False,False
9036778,False,False,False,False,False,False,False,False,False
9036922,False,False,False,False,False,False,False,False,False
9039028,False,True,False,False,False,False,False,False,False
9039415,False,False,False,False,False,True,False,False,False
9049062,False,False,False,False,False,False,False,False,False
9052022,False,False,False,False,False,True,False,False,False
9053834,True,False,False,False,False,False,False,False,False
9060246,False,False,False,False,False,False,False,False,False
9062427,True,False,False,False,False,False,False,False,False
9064799,False,False,False,True,False,False,False,False,False
9064818,False,True,False,False,False,False,False,False,False
9065148,True,False,False,False,False,False,False,False,False
9068432,True,False,False,False,False,False,False,False,False
9068535,False,False,False,False,False,False,False,False,False
9069651,False,False,False,False,False,False,False,False,False
9075478,False,False,False,False,False,True,False,False,False
9081404,True,True,False,False,False,False,False,False,False
9081974,False,True,False,True,False,True,False,False,False
9086568,False,False,False,False,False,True,False,False,False
9087243,False,True,False,False,False,False,False,False,False
9088398,False,False,False,False,False,True,False,False,False
9091530,False,True,False,False,False,False,False,False,False
9093410,False,True,False,False,False,False,False,False,False
9093817,False,False,False,False,False,False,False,False,False
9096678,False,False,False,False,False,False,False,False,False
9101798,False,False,False,False,False,False,False,False,False
9104608,False,True,False,False,False,False,False,False,False
9110103,True,False,False,False,False,False,False,False,False
9110436,False,True,False,False,False,False,False,False,False
9111914,True,False,False,False,False,False,False,False,False
9113214,True,False,False,False,False,False,False,False,False
9114170,False,True,False,False,False,False,False,False,False
9115192,False,True,False,False,False,False,False,False,False
9117054,False,False,False,False,False,False,False,False,False
9117800,False,True,False,False,False,False,False,False,False
9118523,False,True,False,False,False,False,False,False,False
9128254,False,False,False,False,False,True,False,False,False
9130860,False,False,False,False,False,False,False,False,False
9131078,False,False,False,False,False,False,False,False,False
9131722,False,False,False,True,False,False,False,False,False
9131911,True,False,False,False,False,True,False,False,False
9133267,False,False,False,False,False,False,False,False,False
9141020,True,True,False,False,False,False,False,False,False
9154219,True,False,False,False,False,False,False,False,False
9159226,False,True,False,False,False,False,False,False,False
9161111,False,False,False,False,False,True,False,False,False
9162450,False,False,False,False,False,False,False,False,False
9162648,False,False,False,False,False,False,False,False,False
9166100,False,False,False,False,False,False,False,False,False
9166115,False,False,False,False,False,False,False,False,False
9170161,False,False,False,False,False,False,False,False,False
9170542,False,True,False,False,False,False,False,False,False
9174908,False,True,False,False,False,False,False,False,False
9182033,False,False,False,False,False,True,False,False,False
9182478,False,True,False,False,False,False,False,False,False
9185625,False,False,False,True,False,False,False,False,False
9194284,False,True,False,False,False,False,False,False,False
9194829,False,False,False,False,False,False,False,False,False
9197593,False,False,False,False,False,True,False,False,False
9197839,True,True,False,False,False,False,False,False,False
9199377,False,False,False,False,False,True,False,False,False
9202915,False,False,False,False,False,True,False,False,False
9206993,False,False,False,False,False,False,False,False,False
9209636,False,True,False,False,False,False,False,False,False
9227999,False,False,False,False,False,False,False,False,False
9228895,False,True,False,False,False,False,False,False,False
9234087,True,False,False,False,False,False,False,False,False
9238626,True,False,False,False,False,False,False,False,False
9239686,False,True,False,False,False,False,False,False,False
9243894,True,False,False,False,False,False,False,False,False
9246818,False,False,False,False,False,False,False,False,False
9247256,False,True,False,False,False,False,False,False,False
9247295,False,False,False,False,False,False,False,False,False
9248485,False,False,False,False,False,False,False,False,False
9250106,False,True,False,False,False,False,False,False,False
9253884,False,False,False,False,False,False,False,False,False
9254821,False,True,False,False,False,False,False,False,False
9255877,False,False,False,False,False,False,False,False,False
9256769,False,False,False,False,False,False,False,False,False
9262156,True,False,False,False,False,False,False,False,False
9262934,True,True,False,False,False,False,False,False,False
9264330,False,True,False,False,False,False,False,False,False
9267497,False,False,False,False,False,False,False,False,False
9271840,True,True,False,False,False,False,False,False,False
9272990,False,True,False,False,False,True,False,False,False
9273097,False,True,False,False,False,False,False,False,False
9275729,False,False,False,False,False,False,False,False,False
9277360,True,False,False,True,False,False,False,False,False
9285411,True,False,False,False,False,True,False,False,False
9286575,False,False,False,False,False,False,False,False,False
9289228,True,True,False,False,False,False,False,False,False
9301402,True,False,False,False,False,False,False,False,False
9302752,False,True,False,False,False,False,False,False,False
9303988,False,False,False,False,False,False,False,False,False
9305264,False,True,False,False,False,False,False,False,False
9309323,False,False,False,False,False,True,False,False,False
9311918,False,True,False,False,False,False,False,False,False
9314190,False,False,False,False,False,False,False,False,False
9317608,False,False,True,False,True,True,False,False,False
9318603,False,True,False,False,False,False,False,False,False
9325487,False,False,False,False,False,False,False,False,False
9326248,False,True,False,False,False,False,False,False,False
9336777,False,False,False,False,False,True,False,False,False
9342821,True,False,False,False,False,False,False,False,False
9345616,False,True,False,False,False,False,False,False,False
9350578,False,True,False,False,False,False,False,False,False
9353540,False,True,False,False,False,False,False,False,False
9354769,False,True,False,False,False,False,False,False,False
9359021,False,False,False,False,False,False,False,False,False
9360899,False,False,False,False,False,True,False,False,False
9364023,True,False,False,False,False,False,False,False,False
9374551,False,False,False,False,False,True,False,False,False
9374807,False,False,False,False,False,True,False,False,False
9376621,False,False,False,False,False,True,False,False,False
9378119,True,False,False,False,False,True,False,False,False
9381087,False,False,False,False,False,False,False,False,False
9381335,True,False,False,False,False,False,False,False,False
9393144,False,False,False,False,False,False,False,False,False
9394241,False,False,False,False,False,True,False,False,False
9394284,False,False,False,False,False,False,False,False,False
9400927,False,True,False,False,False,False,False,False,False
9408228,True,True,False,False,False,False,False,False,False
9418921,False,False,False,False,False,True,False,False,False
9427180,False,True,False,False,False,False,False,False,False
9429699,False,False,False,False,False,False,False,False,False
9430772,True,False,False,False,False,False,False,False,False
9435441,False,False,True,False,True,False,False,False,False
9440000,False,False,False,False,False,False,False,False,False
9449175,True,False,False,False,False,True,False,False,False
9453854,False,False,False,False,False,False,False,False,False
9454865,False,False,False,False,False,False,False,False,False
9456566,False,False,True,True,True,False,False,False,False
9457454,True,False,False,False,False,False,False,False,False
9462446,False,False,False,False,False,True,False,False,False
9468528,True,True,False,False,False,False,False,False,False
9471915,True,False,False,False,False,False,False,False,False
9475139,True,False,False,False,False,False,False,False,False
9475728,True,False,False,False,False,True,False,False,False
9476561,False,False,False,False,False,False,False,False,False
9477920,True,True,False,False,False,False,False,False,False
9478788,False,False,False,True,False,False,False,False,False
9479365,False,False,False,False,False,True,False,False,False
9480515,False,True,False,False,False,False,False,False,False
9480728,True,False,False,False,False,False,False,False,False
9481978,False,False,False,False,False,True,True,False,True
9484110,True,False,False,False,False,False,False,False,False
9487974,False,False,True,False,True,False,False,False,False
9494991,False,True,False,False,False,False,False,False,False
9496586,False,True,False,False,False,False,False,False,False
9496850,True,False,False,False,False,False,False,False,False
9504469,True,False,False,False,False,False,False,False,False
9516695,False,False,False,False,False,True,False,False,False
9517570,False,False,False,False,False,False,False,False,False
9517599,True,False,False,False,False,False,False,False,False
9529383,True,False,False,False,False,False,False,False,False
9530537,False,False,False,False,False,True,False,False,False
9534858,False,False,False,False,False,False,False,False,False
9541091,True,False,False,False,False,False,False,False,False
9543842,False,True,False,False,False,False,False,False,False
9547006,False,False,False,False,False,True,False,False,False
9547147,False,False,False,False,False,False,False,False,False
9555847,False,True,False,False,False,False,False,False,False
9556011,False,True,False,False,False,False,False,False,False
9556372,False,True,False,False,False,False,False,False,False
9561343,False,False,False,False,False,False,False,False,False
9562096,False,False,False,False,False,True,False,False,False
9575505,False,False,False,False,False,False,False,False,False
9578217,False,False,False,False,False,False,False,False,False
9589779,False,False,False,False,False,False,False,False,False
9590161,False,False,False,False,False,False,False,False,False
9602083,False,True,False,False,False,False,False,False,False
9602898,False,False,False,False,False,False,False,False,False
9609798,True,False,False,False,False,False,False,False,False
9611567,False,False,False,False,False,False,False,False,False
9612389,False,True,False,False,False,False,False,False,False
9615224,True,False,False,False,False,True,False,False,False
9616862,False,True,False,False,False,False,False,False,False
9617231,False,True,False,False,False,False,False,False,False
9617255,True,True,False,False,False,False,False,False,False
9617906,True,True,False,False,False,False,False,False,False
9619817,False,False,False,False,False,False,False,False,False
9623705,True,True,False,False,False,False,False,False,False
9631526,False,False,False,False,False,True,False,False,False
9633268,False,True,False,False,False,False,False,False,False
9633625,False,False,False,False,False,False,False,False,False
9635995,True,False,False,False,False,True,False,False,False
9637720,False,False,False,False,False,False,False,False,False
9640142,False,False,False,False,False,False,False,False,False
9644016,False,False,False,False,False,False,False,False,False
9646533,False,True,False,False,False,False,False,False,False
9653004,False,False,False,False,False,True,False,False,False
9653763,False,True,False,False,False,False,False,False,False
9655681,True,False,False,False,False,False,False,False,False
9660561,False,True,False,False,False,False,False,False,False
9665456,False,True,False,False,False,False,False,False,False
9672782,False,True,False,False,False,False,False,False,False
9674334,False,True,False,False,False,False,False,False,False
9677396,False,False,False,False,False,False,False,False,False
9680324,False,True,False,False,False,False,False,False,False
9683195,False,True,False,False,False,False,False,False,False
9685676,False,True,False,False,False,False,False,False,False
9686922,False,True,False,False,False,False,False,False,False
9689824,False,False,False,False,False,False,False,False,False
9696391,False,False,False,False,False,True,False,False,False
9698409,False,True,False,False,False,False,False,False,False
9698958,False,False,False,False,False,False,False,False,False
9702806,False,True,False,False,False,False,False,False,False
9703940,True,False,False,False,False,False,False,False,False
9706252,False,True,False,False,False,True,False,False,False
9709852,False,True,False,False,False,False,False,False,False
9714702,False,True,False,False,False,False,False,False,False
9719703,False,False,False,False,False,False,False,False,False
9723597,False,False,False,False,False,False,False,False,False
9724036,True,False,False,False,False,True,False,False,False
9724735,False,True,False,False,False,False,False,False,False
9728256,False,False,False,False,False,False,False,False,False
9729059,False,False,False,False,False,False,False,False,False
9730817,False,False,False,False,False,False,False,False,False
9732593,False,True,False,False,False,False,False,False,False
9737246,False,True,False,False,False,False,False,False,False
9737624,False,True,False,False,False,False,False,False,False
9738539,False,True,False,False,False,False,False,False,False
9742229,False,True,False,False,False,False,False,False,False
9746444,False,False,False,False,False,False,False,False,False
9747392,False,True,False,False,False,False,False,False,False
9748204,False,False,False,False,False,True,False,False,False
9748634,True,False,False,False,False,True,False,False,False
9753024,False,True,False,False,False,False,False,False,False
9756635,False,False,False,False,False,True,False,False,False
9758884,False,True,False,False,False,False,False,False,False
9769696,False,True,False,False,False,False,False,False,False
9775235,False,True,False,False,False,False,False,False,False
9780222,False,False,False,False,False,True,False,False,False
9785015,True,False,False,False,False,False,False,False,False
9787306,False,False,False,False,False,True,False,False,False
9787467,True,True,False,False,False,False,False,False,False
9790281,False,True,False,False,False,False,False,False,False
9791767,False,True,False,False,False,False,False,False,False
9798376,False,True,False,False,False,False,False,False,False
9803762,False,True,False,False,False,False,False,False,False
9804679,False,False,False,False,False,True,False,False,False
9805954,False,True,False,False,False,False,False,False,False
9806041,True,False,False,False,False,True,False,False,False
9808552,False,False,False,False,False,False,False,False,False
9810204,False,False,False,False,False,False,False,False,False
9820852,False,False,False,False,False,False,False,False,False
9821331,False,True,False,False,False,False,False,False,False
9822128,False,True,False,False,False,False,False,False,False
9824800,False,True,False,False,False,False,False,False,False
9827412,True,False,False,False,False,True,False,False,False
9830896,True,False,False,False,False,False,False,False,False
9834402,False,False,False,False,False,True,False,False,False
9839504,True,False,False,False,False,False,False,False,False
9842173,False,False,False,False,False,False,False,False,False
9847979,True,False,False,False,False,True,False,False,False
9852677,False,True,False,False,False,False,False,False,False
9854781,False,False,False,False,False,False,False,False,False
9857727,False,False,False,False,False,True,False,False,False
9858382,False,True,False,False,False,False,False,False,False
9858495,False,False,False,False,False,False,False,False,False
9862108,True,False,False,False,False,False,False,False,False
9864895,False,True,False,False,False,False,False,False,False
9872761,False,True,False,False,False,False,False,False,False
9875716,False,False,True,False,True,True,False,False,False
9878703,False,True,False,False,False,False,False,False,False
9882453,True,False,False,False,False,False,False,False,False
9882523,False,False,False,False,False,True,False,False,False
9882792,False,False,False,False,False,False,False,False,False
9885380,False,False,False,True,False,True,False,False,False
9887153,False,True,False,False,False,False,False,False,False
9892950,False,True,False,False,False,False,False,False,False
9895035,False,False,False,False,False,False,False,False,False
9896658,False,True,False,False,False,False,False,False,False
9898229,False,False,False,False,False,False,False,False,False
9898544,False,False,False,False,False,False,False,False,False
9901490,False,False,False,False,False,False,False,False,False
9902670,True,False,False,False,False,False,False,False,False
9905067,False,False,False,False,False,False,False,False,False
9908164,True,False,False,False,False,True,False,False,False
9908583,False,False,False,False,False,True,False,False,False
9912037,False,False,False,False,False,False,False,False,False
9912891,False,False,False,False,False,True,False,False,False
9915062,False,False,False,False,False,False,False,False,False
9917719,True,True,False,False,False,True,False,False,False
9920199,False,True,False,False,False,False,False,False,False
9923832,False,True,False,False,False,False,False,False,False
9927542,False,True,False,False,False,False,False,False,False
9931867,False,False,False,False,False,True,False,False,False
9937101,False,False,False,False,False,False,False,False,False
9937349,True,False,False,False,False,False,False,False,False
9937454,False,False,False,False,False,False,False,False,False
9943024,False,False,False,False,False,False,False,False,False
9944910,False,False,False,False,False,True,False,False,False
9945875,False,False,False,False,False,False,False,False,False
9960047,True,False,False,False,False,False,False,False,False
9960483,False,True,False,False,False,False,False,False,False
9961291,False,False,False,False,False,True,False,False,False
9963898,False,True,False,False,False,False,False,False,False
9964092,False,False,False,False,False,True,False,False,False
9966165,False,False,False,False,False,True,False,False,False
9974107,False,True,False,False,False,False,False,False,False
9974166,False,True,False,False,False,False,False,False,False
9991552,False,False,False,False,False,False,False,False,False
9991641,False,False,False,False,False,False,False,False,False
9991953,False,True,False,False,False,True,False,False,False
9995186,False,True,False,False,False,False,False,False,False
9996860,False,False,False,False,False,True,True,True,False
9997080,False,True,False,False,False,False,False,False,False
9997183,True,False,False,False,False,False,False,False,False
9997690,False,False,False,False,False,True,False,False,False
